-- MySQL dump 10.13  Distrib 8.0.40, for Win64 (x86_64)
--
-- Host: 127.0.0.1    Database: book_store
-- ------------------------------------------------------
-- Server version	8.0.40

/*!40101 SET @OLD_CHARACTER_SET_CLIENT=@@CHARACTER_SET_CLIENT */;
/*!40101 SET @OLD_CHARACTER_SET_RESULTS=@@CHARACTER_SET_RESULTS */;
/*!40101 SET @OLD_COLLATION_CONNECTION=@@COLLATION_CONNECTION */;
/*!50503 SET NAMES utf8 */;
/*!40103 SET @OLD_TIME_ZONE=@@TIME_ZONE */;
/*!40103 SET TIME_ZONE='+00:00' */;
/*!40014 SET @OLD_UNIQUE_CHECKS=@@UNIQUE_CHECKS, UNIQUE_CHECKS=0 */;
/*!40014 SET @OLD_FOREIGN_KEY_CHECKS=@@FOREIGN_KEY_CHECKS, FOREIGN_KEY_CHECKS=0 */;
/*!40101 SET @OLD_SQL_MODE=@@SQL_MODE, SQL_MODE='NO_AUTO_VALUE_ON_ZERO' */;
/*!40111 SET @OLD_SQL_NOTES=@@SQL_NOTES, SQL_NOTES=0 */;

--
-- Table structure for table `__efmigrationshistory`
--

DROP TABLE IF EXISTS `__efmigrationshistory`;
/*!40101 SET @saved_cs_client     = @@character_set_client */;
/*!50503 SET character_set_client = utf8mb4 */;
CREATE TABLE `__efmigrationshistory` (
  `MigrationId` varchar(150) CHARACTER SET utf8mb4 COLLATE utf8mb4_0900_ai_ci NOT NULL,
  `ProductVersion` varchar(32) CHARACTER SET utf8mb4 COLLATE utf8mb4_0900_ai_ci NOT NULL,
  PRIMARY KEY (`MigrationId`)
) ENGINE=InnoDB DEFAULT CHARSET=utf8mb4 COLLATE=utf8mb4_0900_ai_ci;
/*!40101 SET character_set_client = @saved_cs_client */;

--
-- Dumping data for table `__efmigrationshistory`
--

LOCK TABLES `__efmigrationshistory` WRITE;
/*!40000 ALTER TABLE `__efmigrationshistory` DISABLE KEYS */;
INSERT INTO `__efmigrationshistory` VALUES ('20240414195013_BookStore','7.0.11'),('20240430170721_UpdateDB','7.0.11'),('20240501030000_UpdateDb01052024','7.0.11'),('20240501050533_UpdateDb01052024_2','7.0.11'),('20240503163402_UpdateDB03052024','7.0.11'),('20240504051619_UpdateDB04052024','7.0.11');
/*!40000 ALTER TABLE `__efmigrationshistory` ENABLE KEYS */;
UNLOCK TABLES;

--
-- Table structure for table `bookreviews`
--

DROP TABLE IF EXISTS `bookreviews`;
/*!40101 SET @saved_cs_client     = @@character_set_client */;
/*!50503 SET character_set_client = utf8mb4 */;
CREATE TABLE `bookreviews` (
  `Id` int NOT NULL AUTO_INCREMENT,
  `BookId` int NOT NULL,
  `UserId` int NOT NULL,
  `UserName` longtext CHARACTER SET utf8mb4 COLLATE utf8mb4_0900_ai_ci NOT NULL,
  `Rating` int NOT NULL,
  `Comment` longtext CHARACTER SET utf8mb4 COLLATE utf8mb4_0900_ai_ci NOT NULL,
  `Status` int NOT NULL,
  `CreatedDate` datetime(6) NOT NULL,
  `UpdatedDate` datetime(6) NOT NULL,
  PRIMARY KEY (`Id`)
) ENGINE=InnoDB AUTO_INCREMENT=7 DEFAULT CHARSET=utf8mb4 COLLATE=utf8mb4_0900_ai_ci;
/*!40101 SET character_set_client = @saved_cs_client */;

--
-- Dumping data for table `bookreviews`
--

LOCK TABLES `bookreviews` WRITE;
/*!40000 ALTER TABLE `bookreviews` DISABLE KEYS */;
INSERT INTO `bookreviews` VALUES (1,1,1,'asdasd123@',5,'Sách Hay',1,'2024-12-06 16:23:17.792664','2024-12-06 22:55:22.790738'),(2,7,1,'asdasd123@',3,'cũng hài',1,'2024-12-12 21:51:37.254413','2024-12-12 21:52:13.821960'),(3,7,3,'abc',1,'xàm',2,'2024-12-12 21:52:58.641760','2024-12-12 21:53:17.367456'),(4,79,7,'bachhieu',5,'Bổ ích',0,'2024-12-15 10:15:28.167695','2024-12-15 10:15:28.167695'),(5,6,7,'bachhieu',1,'chưa hay',0,'2024-12-15 10:15:46.517150','2024-12-15 10:15:46.517150'),(6,5,7,'bachhieu',3,'bình thường',0,'2024-12-15 10:16:10.295184','2024-12-15 10:16:10.295184');
/*!40000 ALTER TABLE `bookreviews` ENABLE KEYS */;
UNLOCK TABLES;

--
-- Table structure for table `books`
--

DROP TABLE IF EXISTS `books`;
/*!40101 SET @saved_cs_client     = @@character_set_client */;
/*!50503 SET character_set_client = utf8mb4 */;
CREATE TABLE `books` (
  `Id` int NOT NULL AUTO_INCREMENT,
  `BookCode` varchar(12) CHARACTER SET utf8mb4 COLLATE utf8mb4_0900_ai_ci NOT NULL,
  `BookName` varchar(500) CHARACTER SET utf8mb4 COLLATE utf8mb4_0900_ai_ci NOT NULL,
  `CategoryId` int NOT NULL,
  `CategoryName` longtext CHARACTER SET utf8mb4 COLLATE utf8mb4_0900_ai_ci NOT NULL,
  `Author` varchar(255) CHARACTER SET utf8mb4 COLLATE utf8mb4_0900_ai_ci DEFAULT NULL,
  `Publisher` varchar(255) CHARACTER SET utf8mb4 COLLATE utf8mb4_0900_ai_ci DEFAULT NULL,
  `PublishTime` longtext CHARACTER SET utf8mb4 COLLATE utf8mb4_0900_ai_ci,
  `BookWeight` double DEFAULT NULL,
  `BookSize` varchar(255) CHARACTER SET utf8mb4 COLLATE utf8mb4_0900_ai_ci DEFAULT NULL,
  `BookPage` int DEFAULT NULL,
  `Quantity` int NOT NULL,
  `SoldQuantity` int NOT NULL,
  `Price` int NOT NULL,
  `PriceDiscount` int DEFAULT NULL,
  `Description` longtext CHARACTER SET utf8mb4 COLLATE utf8mb4_0900_ai_ci,
  `BookImage` longtext CHARACTER SET utf8mb4 COLLATE utf8mb4_0900_ai_ci NOT NULL,
  `InfoImage` longtext CHARACTER SET utf8mb4 COLLATE utf8mb4_0900_ai_ci NOT NULL,
  `IsActive` tinyint(1) NOT NULL,
  `CreatedDate` datetime(6) NOT NULL,
  `UpdatedDate` datetime(6) NOT NULL,
  PRIMARY KEY (`Id`)
) ENGINE=InnoDB AUTO_INCREMENT=89 DEFAULT CHARSET=utf8mb4 COLLATE=utf8mb4_0900_ai_ci;
/*!40101 SET character_set_client = @saved_cs_client */;

--
-- Dumping data for table `books`
--

LOCK TABLES `books` WRITE;
/*!40000 ALTER TABLE `books` DISABLE KEYS */;
INSERT INTO `books` VALUES (1,'S_01','Người Bà Tài Giỏi Vùng Saga',1,'Hài Hước','Yoshichi Shimada','NXB Thanh Niên','2024-12',200,'14.5 x 20.5 x 2.7',1000,8,4,90000,NULL,'<p>Hạnh ph&uacute;c kh&ocirc;ng phải l&agrave; thứ được định đoạt bằng tiền. Hạnh ph&uacute;c phải được định đoạt bằng t&acirc;m thế của mỗi ch&uacute;ng ta.</p>\r\n','80f9e4b1-4e82-49a9-8909-f955634596d2.jpg','ac1b8880-d558-4137-acf9-1ca1d99acc68.jpg',1,'2024-12-06 00:00:00.000000','2024-12-12 21:23:18.111670'),(2,'S_02','Nhật Ký Bí Mật Của Ông Hendrik Groen 83 1/4 Tuổi',1,'Hài Hước','Hendrik Groen','NXB Trẻ','2024-07',200,'14.5 x 20.5 x 2.7',50,8,3,50000,NULL,'<h2>M&ocirc; tả sản phẩm</h2>\r\n\r\n<p><strong>Nhật K&yacute; B&iacute; Mật Của &Ocirc;ng Hendrik Groen 83 1/4 Tuổi</strong></p>\r\n\r\n<p>&lsquo;Lại th&ecirc;m một năm nữa, v&agrave; t&ocirc;i vẫn kh&ocirc;ng ưa đ&aacute;m người gi&agrave;. T&ocirc;i ấy hả? Tuổi mới c&oacute; t&aacute;m mươi ba th&ocirc;i.&rsquo;</p>\r\n\r\n<p>&Ocirc;ng Hendrik Groen đ&uacute;ng l&agrave; đ&atilde; lớn tuổi, nhưng c&ograve;n l&acirc;u &ocirc;ng mới chịu từ gi&atilde; c&otilde;i đời, cũng như kh&ocirc;ng c&oacute; &yacute; định sớm về với c&aacute;t bụi. Cứ tạm cho l&agrave; bước ch&acirc;n của &ocirc;ng gi&agrave; ng&agrave;y một ngắn lại (v&igrave; ch&acirc;n kh&ocirc;ng c&ograve;n nghe lời người), v&agrave; &ocirc;ng phải năng tới b&aacute;c sĩ để thăm kh&aacute;m (điều n&agrave;y nằm ngo&agrave;i mong muốn của &ocirc;ng). N&oacute;i cỡ n&agrave;o th&igrave; t&igrave;nh trạng của &ocirc;ng Hendrik chỉ l&agrave;... c&oacute; th&acirc;m ni&ecirc;n trải đời. Cuộc sống của &ocirc;ng chắc chắn l&agrave; kh&ocirc;ng chỉ c&oacute; tr&agrave; lạt v&agrave; chậu hoa phong lữ.</p>\r\n\r\n<p>&Ocirc;ng Hendrik bắt đầu viết l&aacute;ch: một năm sống của m&igrave;nh tại viện dưỡng l&atilde;o ở Amsterdam, quyển nhật k&yacute; đ&atilde; h&eacute; lộ biết bao chuyện vui buồn - kh&ocirc;ng chỉ l&agrave; nỗ lực của &ocirc;ng cho c&aacute;i c&acirc;u lạc bộ n&aacute;o nhiệt c&oacute; t&ecirc;n Gi&agrave;-Nhưng-Kh&ocirc;ng-Cỗi. Đến chừng b&agrave; Eefje - cụ b&agrave; l&agrave;m ta chảy tr&aacute;i tim của &ocirc;ng Hendrik - bước v&agrave;o nơi ấy, &ocirc;ng Hendrik bắt đầu chăm ch&ugrave;i gi&agrave;y (v&agrave; răng), chải đầu, gắng tạo n&ecirc;n điều g&igrave; đ&oacute; cho phần đời c&ograve;n lại của m&igrave;nh, kết quả &ocirc;ng thu về c&oacute; khi hề hước, c&oacute; khi nhẹ nh&agrave;ng, lắm l&uacute;c bi đ&aacute;t.</p>\r\n\r\n<p>&Ocirc;ng Hendrik Groen bất bại đ&atilde; trở th&agrave;nh hiện tượng văn h&oacute;a ở qu&ecirc; hương H&agrave; Lan của &ocirc;ng; v&agrave; giờ đ&acirc;y, &ocirc;ng c&ugrave;ng với h&igrave;nh tượng nổi tiếng của m&igrave;nh thực hiện h&agrave;nh tr&igrave;nh chinh phục thế giới. T&aacute;c phẩm b&aacute;n chạy của H&agrave; Lan, &lsquo;Nhật k&yacute; b&iacute; mật của &ocirc;ng Hendrik Groen&rsquo; sẽ kh&ocirc;ng chỉ l&agrave;m h&agrave;i l&ograve;ng độc giả lớn tuổi bằng c&aacute;ch viết d&iacute; dỏm v&agrave; t&acirc;m l&yacute;, m&agrave; c&ograve;n cuốn h&uacute;t v&agrave; truyền cảm hứng cho những người c&ograve;n nhiều năm nữa mới phải nếm trải tuổi gi&agrave;.</p>\r\n','98c5a232-75ef-407b-a8f9-30206c71ba71.jpg','d931ae13-e944-4ac9-a3ca-8e5cc719748a.jpg',1,'2024-12-06 17:46:51.644369','2024-12-12 21:08:48.624139'),(3,'S_03','Côn Trùng',1,'Hài Hước','Hendrik Groen','Hội Nhà Văn','2024-08',100,'14.5 x 20.5 x 2.7',300,0,10,10000,NULL,'<p>S&aacute;ch những ch&uacute; c&ocirc;n tr&ugrave;ng h&agrave;i hước</p>\r\n','2f045ee3-98e4-46f7-b059-bcada0a66cc6.jpg','056c2e2d-9675-45ef-a28c-382f80ee80e4.jpg',1,'2024-12-06 00:00:00.000000','2024-12-10 10:45:10.582332'),(4,'S_04','Tìm Nemo',1,'Hài Hước','Hendrik Groen','Hội Nhà Văn','2024-08',100,'14.5 x 20.5 x 2.7',300,1,10,100000,NULL,'<p>FINDING NEMO</p>\r\n','4663ec87-1a75-4db6-a93a-6a65ca1f69e5.jpg','e59c446b-71a3-4891-b1b3-a233fda5dda2.jpg',1,'2024-12-06 00:00:00.000000','2024-12-12 21:12:31.306731'),(5,'S_05','Ông Trăm Tuổi Trèo Qua Cửa Sổ Và Biến Mất ',1,'Hài Hước','Jonas Jonasson','NXB Trẻ','2024-06',500,'14.5 x 20.5 x 2.7',100,10,0,100000,80000,'<p>V&agrave;o ng&agrave;y sinh nhật lần thứ 100 của m&igrave;nh, cụ &ocirc;ng Allan Karlsson đột nhi&ecirc;n tr&egrave;o qua của sổ ng&ocirc;i nh&agrave; dưỡng l&atilde;o &ndash; Nh&agrave; Gi&agrave; &ndash; v&agrave; biến mất. Ở c&aacute;i tuổi 100 hiếm ai đạt tới th&igrave; cụ c&oacute; thể đi đ&acirc;u được? Một cuộc truy t&igrave;m tr&ecirc;n khắp nước Thụy Điển diễn ra từ ph&iacute;a những người c&oacute; tr&aacute;ch nhiệm chăm nom cụ cũng như ch&iacute;nh quyền sở tại. Song song với cuộc truy t&igrave;m nh&acirc;n đạo ấy, một cuộc truy t&igrave;m đuổi bắt kh&aacute;c gay cấn hơn, xảy đến từ một t&ecirc;n tội phạm, kẻ đ&atilde; ngớ ngẩn hoặc đ&uacute;ng hơn, bất cẩn trao vali 50 triệu crown v&agrave;o tay cụ gi&agrave; n&agrave;y.</p>\r\n\r\n<p>Nhưng một người đ&atilde; sống qua một thế kỷ th&igrave; kh&ocirc;ng dễ g&igrave; t&oacute;m cụ ta được. Cuốn tiểu thuyết hồi tưởng lại cuộc đời phi&ecirc;u lưu của Allan Karlsson, người đ&atilde; đi khắp thế giới từ những năm trước Đại chiến thế giới thứ nhất đến cuộc Thế chiến thứ hai, từ nước Nga X&ocirc; Viết tới nước Mỹ si&ecirc;u cường v&agrave; nước Trung Quốc con rồng đang l&ecirc;n ở Viễn Đ&ocirc;ng. Cuốn tiểu thuyết với giọng điệu h&oacute;m hỉnh tr&agrave;o lộng, dẫn dắt người đọc chu du c&ugrave;ng Allan qua những t&igrave;nh huống giả tưởng l&agrave;m bật l&ecirc;n c&aacute;i nh&igrave;n tưng tửng về thế giới n&agrave;y. Những xung đột văn h&oacute;a, &yacute; thức hệ v&agrave; những n&eacute;t kh&aacute;c thường của c&aacute;c v&ugrave;ng đất xa x&ocirc;i, c&agrave;ng chứng tỏ sự đa dạng của nh&acirc;n loại trong thế giới c&oacute; vẻ phẳng n&agrave;y&hellip;.</p>\r\n','dd30f9de-32c7-4786-99a2-1ae111efe211.jpg','278a0afb-38cf-42f1-bcae-5d4256607fad.jpg',1,'2024-12-06 21:09:04.312292','2024-12-06 21:09:04.312293'),(6,'S_06','CÔ GÁI MÙ CHỮ PHÁ BOM NGUYÊN TỬ',1,'Hài Hước','Jonas Jonasson','NXB Trẻ','2024-05',500,'14.5 x 20.5 x 2.7',300,10,0,100000,50000,'<p>C&ocirc; g&aacute;i m&ugrave; chữ ph&aacute; bom nguy&ecirc;n tử&nbsp;- cuốn tiểu thuyết mới đầy chuyện li k&igrave; qu&aacute;i dị của Jonas Jonasson, t&aacute;c giả của&nbsp;&Ocirc;ng trăm tuổi tr&egrave;o qua cửa sổ v&agrave; biến mất.</p>\r\n\r\n<p>Nombeko được sinh ra trong một căn lều b&eacute; t&iacute; tẹo ở Johannesburg, th&agrave;nh phố lớn nhất Nam Phi. Ngay từ l&uacute;c nhỏ x&iacute;u, c&ocirc; đ&atilde; mau ch&oacute;ng hiểu rằng thế gian n&agrave;y chẳng hứa hẹn g&igrave; với c&ocirc; ngo&agrave;i việc c&ocirc; hoặc chết sớm, v&igrave; ma t&uacute;y, v&igrave; rượu hay chỉ v&igrave; đơn giản l&agrave; tuyệt vọng v&igrave; m&agrave;u da ch&acirc;u Phi. Thay v&igrave; thế, Nombeko c&oacute; những kế hoạch vĩ đại hơn nhiều. C&ocirc; tự học đọc học viết, bằng mưu mẹo v&agrave; sự liều lĩnh đ&aacute;ng kinh ngạc, c&ocirc; tho&aacute;t khỏi khu ổ chuột với những vi&ecirc;n kim cương lậu bạc triệu.</p>\r\n\r\n<p>Đời c&ocirc; l&agrave; chuỗi sự cố đi&ecirc;n kh&ugrave;ng nối tiếp đi&ecirc;n kh&ugrave;ng. C&ocirc; chẳng hề muốn sống đời n&ocirc; lệ ở đất nước ph&acirc;n biệt chủng tộc nhưng cũng chẳng mong m&igrave;nh trở th&agrave;nh cố vấn bất đắc dĩ cho dự &aacute;n bom nguy&ecirc;n tử. Vậy m&agrave; c&ocirc; phải l&agrave;m cả hai với tr&iacute; tuệ si&ecirc;u việt về t&iacute;nh to&aacute;n. Nhưng kh&ocirc;ng g&igrave; c&oacute; thể ngăn cản c&ocirc; lập kế hoạch trốn tho&aacute;t tới Thụy Điển, nơi c&ocirc; gặp cặp sinh đ&ocirc;i Holger, m&agrave; một trong số đ&oacute; nu&ocirc;i &acirc;m mưu l&agrave;m c&aacute;ch mạng lật đổ vương triều&hellip;</p>\r\n','efe4544e-b8f9-4147-96d1-346c1f1525e1.jpg','ae95d642-38f1-4259-bccc-5be9c5bbf07a.jpg',1,'2024-12-06 21:10:17.451375','2024-12-06 21:10:17.451375'),(7,'S_07','Vui Vẻ Không Quạu Nha ',1,'Hài Hước','Ở Đây Zui Nè','NXB Phụ Nữ Việt Nam','2024-05',500,'14.5 x 20.5 x 2.7',100,9,1,50000,NULL,'<p><strong>Vui Vẻ Kh&ocirc;ng Quạu Nha</strong>&nbsp;- Cu&ocirc;́n sách kh&ocirc;ng chỉ mặn m&agrave; đúng như tên gọi của nó m&agrave; c&ograve;n bắt kịp c&aacute;c xu hướng được quan t&acirc;m từ fanpage nổi tiếng &ldquo;Ở đ&acirc;y zui n&egrave;&rdquo; sẽ giúp bạn có những tràng cười vui vẻ không ngớt, c&oacute; c&aacute;i nh&igrave;n khoan dung cởi mở hơn, nhìn nhận những xui xẻo v&acirc;́p phải b&ocirc;̃ng trở nên nhỏ b&eacute; dưới g&oacute;c độ d&iacute; dỏm v&agrave; hài hước.<br />\r\n<br />\r\n<strong>Vui Vẻ Kh&ocirc;ng Quạu Nha&nbsp;</strong>- xin được gửi đ&ecirc;́n những bạn trẻ đang dễ giận dữ, cau c&oacute; ngoài th&ecirc;́ giới kia, những ai đang bu&ocirc;̀n phi&ecirc;̀n v&ecirc;̀ rắc rối nào đó, &ldquo;trái tim&rdquo; nhỏ bé này còn phải dành cho ni&ecirc;̀m vui, đừng đ&ecirc;̉ bực bội, dỗi hờn từ những đi&ecirc;̀u không đáng chi&ecirc;́m h&ecirc;́t ch&ocirc;̃.</p>\r\n','d9539479-3e50-42b5-a706-41f447a49fb9.jpg','b95cbef5-9d0a-4e2c-bebf-0df43a1ec73b.jpg',1,'2024-12-06 21:11:25.552526','2024-12-12 21:10:20.568977'),(8,'S_08','Đời Vai Phụ',1,'Hài Hước','Đậu Lướt Ván','NXB Thế Giới','2024-04',500,'14.5 x 20.5 x 2.7',120,10,0,30000,NULL,'<p>Nếu c&aacute;c bạn đ&atilde; biết đến anh ch&agrave;ng L&ecirc; B&iacute;ch bụng bự th&igrave; đ&acirc;y ch&iacute;nh l&agrave; một sản phẩm của team L&ecirc; B&iacute;ch.&nbsp;C&aacute;c &quot;&ocirc;ng bố, b&agrave; mẹ&quot;&rsquo; từng s&aacute;ng tạo ra L&ecirc; B&iacute;ch bụng bự lần n&agrave;y cho ra đời một sản phẩm th&uacute; vị v&agrave; h&agrave;i hước, buồn cười đến ph&aacute;t đi&ecirc;n.&nbsp;<br />\r\n<br />\r\nĐời vai phụ l&agrave; tập hợp những c&acirc;u chuyện nhỏ xinh, vừa&nbsp;vui&hellip;vừa &ldquo;t&acirc;n thời&rdquo; lại vừa th&acirc;m th&uacute;y s&acirc;u cay.&nbsp;Mỗi người l&agrave; vai ch&iacute;nh trong cuộc đời m&igrave;nh.&nbsp;Nhưng l&agrave; vai phụ trong cuộc đời người kh&aacute;c&hellip;</p>\r\n','43c6d4be-a22d-44db-962b-4453724d3bd9.jpg','c200ff8f-e9fd-4d01-ad0f-e2bc96f188bd.jpg',1,'2024-12-06 21:12:16.104110','2024-12-06 21:12:16.104110'),(9,'S_09','Đời Về Cơ Bản Là Buồn Cười',1,'Hài Hước','Lê Bích','NXB Hội Nhà Văn','2024-04',500,'14.5 x 20.5 x 2.7',120,20,0,75000,50000,'<p>Cơ bản m&agrave; n&oacute;i th&igrave; nếu kh&ocirc;ng cẩn thận mọi thứ đều c&oacute; thể g&acirc;y ra hạnh ph&uacute;c !</p>\r\n\r\n<p>Tui hiểu mấy người n&oacute;i xấu g&igrave; tui nhưng tui kh&ocirc;ng quan t&acirc;m !</p>\r\n\r\n<p>Phụ nữ l&agrave; số 1 !</p>\r\n\r\n<p>L&ecirc; B&iacute;ch - Nh&acirc;n vật ảo với chiếc bụng phệ, rốn lồi, khu&ocirc;n mặt lu&ocirc;n tỏ vẻ tư lự, tr&ecirc;n th&ocirc;ng thi&ecirc;n văn, dưới tường địa l&yacute;, tam gi&aacute;o, cửu lưu, tứ thư, ngũ kinh, tinh thần y&ecirc;u nước trung trinh, đạo đức lung linh, phong tục, luật lệ, bản quyền, Horoscope, vật l&yacute; lượng tử... c&aacute;i g&igrave; L&ecirc; B&iacute;ch cũng tưởng l&agrave; ch&agrave;ng biết.</p>\r\n\r\n<p>Năm 2015, L&ecirc; B&iacute;ch xuất hiện v&agrave; nhanh ch&oacute;ng thu h&uacute;t được c&aacute;c bạn trẻ nhờ những ph&aacute;t ng&ocirc;n &ldquo;chuẩn kh&ocirc;ng cần chỉnh&rdquo; do ch&iacute;nh nh&oacute;m bạn nghĩ ra, b&ecirc;n cạnh đ&oacute; cũng c&oacute; một số status dịch từ nước ngo&agrave;i, một số kh&aacute;c mượn &yacute; của một v&agrave;i ng&agrave;n người bạn.</p>\r\n\r\n<p>Đời Về Cơ Bản L&agrave; Buồn Cười l&agrave; một tập hợp những ph&aacute;t ng&ocirc;n ấy của L&ecirc; B&iacute;ch, dĩ nhi&ecirc;n l&agrave; chưa từng xuất hiện tr&ecirc;n fanpage, b&ecirc;n cạnh những c&acirc;u n&oacute;i quen thuộc l&agrave;m n&ecirc;n t&ecirc;n tuổi của L&ecirc; B&iacute;ch.</p>\r\n','2d4efb96-0aea-42fc-b990-9d16ef14ec37.jpg','ead26c60-f7c8-4353-8d96-31498155e019.jpg',1,'2024-12-06 21:13:15.178459','2024-12-06 21:13:15.178459'),(10,'S_10','Chuyện Cười Cổ Nhân',1,'Hài Hước','Vương Hồng Sển','NXB Trẻ','2024-02',500,'14.5 x 20.5 x 2.7',300,20,0,200000,180000,'<p>Những c&acirc;u chuyện vừa h&agrave;i hước vừa th&acirc;m th&uacute;y của người xưa được cụ Vương Hồng sển sưu tầm v&agrave; bi&ecirc;n khảo. Mang gi&aacute; trị nh&acirc;n văn to lớn, rất cần được xuất bản, g&igrave;n giữ cho c&aacute;c thế hệ sau.</p>\r\n\r\n<p>Ngo&agrave;i c&aacute;c c&acirc;u chuyện nguy&ecirc;n bản, hầu hết rất ngắn, cỡ một v&agrave;i trang giấy; thỉnh thoảng cụ Vương ch&uacute; giải hoặc đ&uacute;c kết những điều m&agrave; cụ t&acirc;m đắc, c&oacute; khi lại so s&aacute;nh với bối cảnh x&atilde; hội hiện thời. Qua đ&oacute; ch&uacute;ng ta c&agrave;ng thấy tr&acirc;n qu&yacute; những vốn liếng văn học của cha &ocirc;ng để lại.</p>\r\n','607a6c98-6487-4553-a6dc-8658864b9833.jpg','032d6231-df97-4e3a-ac54-9be9e86d1229.jpg',1,'2024-12-06 21:14:11.433635','2024-12-06 21:14:11.433635'),(11,'S_11','Trạng Cười Hay Nhất',1,'Hài Hước','Đức Thành, Hải Yến','NXB Dân Trí','2023-03',500,'14.5 x 20.5 x 2.7',260,30,0,180000,140000,'<p>Cuốn s&aacute;ch tuyển tập những c&acirc;u chuyện trạng cười hay nhất trong kho t&agrave;ng văn học d&acirc;n gian Việt Nam.</p>\r\n\r\n<p>Trong lịch sử h&igrave;nh th&agrave;nh v&agrave; ph&aacute;t triển của d&acirc;n tộc xuất hiện kh&ocirc;ng &iacute;t những nh&acirc;n vật xuất ch&uacute;ng với tr&iacute; th&ocirc;ng minh kiệt xuất, t&agrave;i ứng đối nhanh nhạy khiến cho nhiều lần sứ giả Trung Quốc phải c&uacute;i m&igrave;nh k&iacute;nh nể như Trạng Quỳnh, Trạng Lợn, M&acirc;n Nhuỵ, Phủ Tuấn, &Ocirc;ng &Oacute;, &Ocirc;ng Tuyn, Ch&agrave;ng Quậy, Ch&agrave;ng Cu, Y Lo&agrave;...</p>\r\n','c45fdb98-ed06-412e-823a-b0b6ac512b31.jpg','8a462553-d026-49dd-9280-8506c071cacc.jpg',1,'2024-12-06 21:15:15.680601','2024-12-06 21:15:15.680601'),(12,'S_12','Truyện Ngụ Ngôn Thế Giới Chọn Lọc - Chiếc Ghế Xấu Hổ',1,'Hài Hước','Nguyễn Trọng Báu','NXB Hà Nội','2022-02',500,'14.5 x 20.5 x 2.7',120,20,0,180000,130000,'<p>Truyện Ngụ Ng&ocirc;n Thế Giới Chọn Lọc - Chiếc Ghế Xấu Hổ</p>\r\n\r\n<p>Truyện ngụ ng&ocirc;n l&agrave; truyện kể c&oacute; t&iacute;nh chất thế sự, d&ugrave;ng c&aacute;ch ẩn dụ để thuyết minh cho một chủ đề lu&acirc;n l&yacute;, triết l&yacute; một quan niệm nh&acirc;n sinh hay một nhận x&eacute;t về thực tế x&atilde; hội. Mỗi c&acirc;u chuyện ngụ ng&ocirc;n mang đến cho kh&ocirc;ng chỉ trẻ em m&agrave; c&ograve;n cả người lớn những b&agrave;i học qu&yacute; gi&aacute;.</p>\r\n\r\n<p>B&ecirc;n cạnh nội dung c&acirc;u chuyện h&agrave;i hước c&ograve;n l&agrave; những bức biếm họa sống động, t&aacute;i hiện ch&acirc;n dung c&aacute;c con vật một c&aacute;ch v&ocirc; c&ugrave;ng ngộ nghĩnh, đ&aacute;ng y&ecirc;u d&agrave;nh cho c&aacute;c bạn nhỏ theo d&otilde;i v&agrave; đ&oacute;n đọc.</p>\r\n','307655ac-6e85-41a2-a2b9-cccad855cefb.jpg','5d4ef4ea-9bf6-4d9f-852d-d9108ea86f77.jpg',1,'2024-12-06 21:16:08.440265','2024-12-06 21:16:08.440265'),(13,'S_14','Cơ Hội Đổi Đời',1,'Hài Hước','Minh Phong','NXB Tổng Hợp TPHCM','2023-01',500,'14.5 x 20.5 x 2.7',160,120,0,230000,160000,'<p>&quot;Cuộc sống hiện đại kh&ocirc;ng thiếu chất liệu của c&aacute;i h&agrave;i để cung cấp cho người viết. Đồng thời cuộc sống cũng cần được nghe tiếng cười bật l&ecirc;n từ việc b&oacute;c trần c&aacute;c loại mặt nạ.</p>\r\n\r\n<p>Tiểu phẩm của Minh Phong (Đờ Mi Pho) đem lại cho ta tiếng cười h&agrave;i hước nhẹ nh&agrave;ng trước những t&igrave;nh huống m&acirc;u thuẫn trong sinh hoạt, nhưng cũng c&oacute; khi to&aacute;t l&ecirc;n m&agrave;u sắc ph&ecirc; ph&aacute;n trong những trang văn ch&acirc;m biếm c&oacute; t&iacute;nh tr&iacute; tuệ. Cười, như vậy, kh&ocirc;ng chỉ l&agrave; một c&aacute;ch thư gi&atilde;n, m&agrave; c&ograve;n biểu hiện một kiểu nhận thức v&agrave; một &yacute; hướng chế nghệ c&aacute;i xấu.</p>\r\n\r\n<p>Đ&oacute; cũng l&agrave; tiếng cười mang tinh thần x&acirc;y dựng, muốn g&oacute;p phần c&ugrave;ng x&atilde; hội khắc phục những nguy&ecirc;n do l&agrave;m nảy sinh ra những t&igrave;nh huống g&acirc;y cười kh&ocirc;ng đ&aacute;ng c&oacute;&hellip;</p>\r\n','4d1f55c9-dede-495d-abed-b2c397b58b1d.jpg','85aa27a7-ef35-486d-be2a-898a189291d6.jpg',1,'2024-12-06 21:16:59.471597','2024-12-06 21:16:59.471597'),(14,'S_15','Điệp Viên Không Không Thấy Và Đại Văn Mỗ',1,'Hài Hước','Lê Văn Nghĩa','NXB Tổng Hợp TPHCM','2022-01',500,'14.5 x 20.5 x 2.7',100,200,0,150000,120000,'<p>T&aacute;c giả L&ecirc; Văn Nghĩa sinh ng&agrave;y 20/05/1953 tại tỉnh Chợ Lớn. &Ocirc;ng &ldquo;thuộc thế hệ thanh ni&ecirc;n học sinh S&agrave;i G&ograve;n trưởng th&agrave;nh trong phong tr&agrave;o đấu tranh đ&ocirc; thị trước 1975. &Ocirc;ng từng xuống đường l&atilde;nh đạo thanh ni&ecirc;n học sinh đấu tranh trực diện với cảnh s&aacute;t, từng bị bắt, trải qua một số nh&agrave; t&ugrave; giam của chế độ Việt Nam Cộng h&ograve;a, kể cả ở C&ocirc;n Đảo. Sau ng&agrave;y thống nhất đất nước, L&ecirc; Văn Nghĩa thuộc thế hệ l&agrave;m b&aacute;o đầu ti&ecirc;n của b&aacute;o Tuổi Trẻ, c&ugrave;ng với l&agrave;ng b&aacute;o TP.HCM l&uacute;c bấy giờ g&oacute;p phần x&acirc;y dựng đời sống mới. &Ocirc;ng l&agrave;m việc tại b&aacute;o Tuổi Trẻ từ năm 1975 đến năm 2015&rdquo;.</p>\r\n\r\n<p>&ldquo;Người b&aacute;n nụ cười&rdquo; l&agrave; c&aacute;ch mọi người g&aacute;n cho nh&agrave; văn, nh&agrave; b&aacute;o L&ecirc; Văn Nghĩa, bởi phong c&aacute;ch viết tr&agrave;o ph&uacute;ng của &Ocirc;ng đ&atilde; định h&igrave;nh trong t&acirc;m tr&iacute; bạn đọc B&aacute;o Tuổi Trẻ Cười với những c&aacute;i t&ecirc;n nh&acirc;n vật đạt độ điển h&igrave;nh: Hai C&ugrave; N&egrave;o, Điệp vi&ecirc;n Kh&ocirc;ng Kh&ocirc;ng Thấy, Đại Văn Mỗ, Hoa hậu phường C&acirc;y M&iacute;t, Linda Kiều&hellip;</p>\r\n','6498a696-fa8b-4a3e-9e9e-d393f1ec7a11.jpg','4439ff42-71a9-43c1-ba58-3fe7fc7002a6.jpg',1,'2024-12-06 21:18:00.708254','2024-12-06 21:18:00.708255'),(15,'S_16','Những Mẫu Chuyện Hài Hước Trong Kinh Doanh Của Người Do Thái',1,'Hài Hước','Hoa Sơn','NXB Thanh Hóa','2021-01',500,'14.5 x 20.5 x 2.7',130,100,0,220000,NULL,'<p>Những Mẫu Chuyện H&agrave;i Hước Trong Kinh Doanh Của Người Do Th&aacute;i</p>\r\n\r\n<p>&ldquo;T&iacute;nh h&agrave;i hước l&agrave; &aacute;nh mặt trời của tư duy.&rdquo;</p>\r\n\r\n<p>- Edward Bulwer-Lytton</p>\r\n\r\n<p>Để trụ vững tr&ecirc;n thương trường cạnh tranh khốc liệt như ng&agrave;y nay, doanh nh&acirc;n Do Th&aacute;i đ&atilde; kh&eacute;o l&eacute;o vận dụng tư duy kinh doanh vượt trội v&agrave; khiếu h&agrave;i hước độc đ&aacute;o v&agrave;o trong quản l&yacute;, tiếp thị, đ&agrave;m ph&aacute;n... Đ&oacute; cũng ch&iacute;nh l&agrave; l&yacute; do họ gặt h&aacute;i được những th&agrave;nh tựu to lớn khiến cả thế giới phải ngả mũ k&iacute;nh phục.</p>\r\n\r\n<p>D&acirc;n tộc Do Th&aacute;i kh&ocirc;ng những l&agrave; một d&acirc;n tộc kh&ocirc;n ngoan, c&oacute; đầu &oacute;c kinh doanh nhạy b&eacute;n m&agrave; c&ograve;n c&oacute; khiếu h&agrave;i hước. T&agrave;i năng kinh doanh của họ được thể hiện trong c&aacute;c chuyện cười d&acirc;n gian, được lưu truyền trong giới doanh nh&acirc;n. Nghi&ecirc;n cứu t&iacute;nh h&agrave;i hước của người Do Th&aacute;i cũng ch&iacute;nh l&agrave; kh&aacute;m ph&aacute; sự kh&ocirc;n ngoan thực tiễn của họ&hellip;.</p>\r\n','3af7ea7c-2661-4200-b8cd-d27e91c10bba.jpg','ea36050d-04d9-4d9c-b03f-58f4372ef4b4.jpg',1,'2024-12-06 21:19:03.134225','2024-12-06 21:19:03.134225'),(16,'S_17','Hãy Yêu Đời Đi - Nhật Ký Bí Mật Mới Của Ông Hendrik Groen 85 Tuổi',1,'Hài Hước','Hendrik Groen','NXB Trẻ','2021-08',500,'14.5 x 20.5 x 2.7',100,50,0,220000,NULL,'<p>Trong phần tiếp theo của quyển s&aacute;ch nổi tiếng thế giới &quot;Nhật k&yacute; b&iacute; mật của &ocirc;ng Hendrik Groen&quot;, &ocirc;ng gi&agrave; nghi&ecirc;m khắc được mọi người y&ecirc;u mến đ&atilde; trở lại c&ugrave;ng t&agrave;i kể chuyện h&agrave;i hước v&agrave; l&ocirc;i cuốn của m&igrave;nh, từ đ&oacute; mở ra những cuộc phi&ecirc;u lưu mới nhất của &ocirc;ng c&ugrave;ng C&acirc;u lạc bộ Gi&agrave; Nhưng Kh&ocirc;ng Cỗi. Hơn bao giờ hết, &ocirc;ng Hendrik quyết t&acirc;m vọc vạch thế giới h&ograve;ng t&igrave;m kiếm niềm vui v&agrave; hướng đ&ocirc;i mắt lấp l&aacute;nh nh&igrave;n về ph&iacute;a tươi s&aacute;ng của cuộc sống.</p>\r\n\r\n<p>Sau một năm đau buồn trước c&aacute;i chết của người bạn Eefje y&ecirc;u qu&yacute;, &ocirc;ng Hendrik đ&atilde; trở n&ecirc;n lọm khọm hơn, nhưng &yacute; th&iacute;ch nghịch ngợm trẻ trung nơi &ocirc;ng vẫn kh&ocirc;ng hề giảm s&uacute;t. Trước nguy cơ viện dưỡng l&atilde;o sắp bị ph&aacute; hủy, &ocirc;ng Hendrik v&agrave; những người bạn th&acirc;n thiết của m&igrave;nh kh&ocirc;ng khỏi lo lắng v&agrave; quyết t&acirc;m bước v&agrave;o cuộc để cứu v&atilde;n t&igrave;nh thế&hellip;</p>\r\n','badaa789-c056-41da-ab20-4741cab6bae2.jpg','2202e09d-d27a-4bc8-8057-c5c96f817f25.jpg',1,'2024-12-06 21:19:54.734704','2024-12-06 21:19:54.734704'),(17,'S_18','Lắt Léo Tiếng Việt',1,'Hài Hước','Lê Minh Quốc','NXB Trẻ','2024-12',300,'14.5 x 20.5 x 2.7',120,560,0,123000,110000,'<p>T&aacute;c giả s&aacute;ch n&agrave;y tr&igrave;nh b&agrave;y những nhận x&eacute;t v&agrave; b&igrave;nh luận vui về những lắt l&eacute;o chữ nghĩa đa dạng, phong ph&uacute; v&agrave; tinh tế trong tiếng Việt. L&agrave; một ng&ocirc;n ngữ đơn &acirc;m tiết, c&oacute; thanh điệu lại rất nhiều từ gốc H&aacute;n n&ecirc;n tiếng Việt c&oacute; nhiều từ đồng &acirc;m, gần &acirc;m, đồng nghĩa, gần nghĩa. Nhờ vậy những đầu &oacute;c h&agrave;i hước người Việt tạo ra những c&aacute;ch n&oacute;i l&aacute;i, chơi chữ t&agrave;i t&igrave;nh, lắt l&eacute;o&hellip;</p>\r\n','2fffd851-7786-4bd6-b0b8-f9989a45d1c5.jpg','a2a8ae58-bd6f-4af7-a6e1-b7121554f3e7.jpg',1,'2024-12-06 21:20:51.344233','2024-12-06 21:20:51.344233'),(18,'S_19','Ba Giai Tú Xuất & Truyện Thủ Thiệm',1,'Hài Hước','Nhiều Tác Giả','NXB Văn Học','2022-02',500,'14.5 x 20.5 x 2.7',100,120,0,50000,45000,'<p>Trạng Quỳnh, Trạng Lợn, Xiển Bột, Ba Giai - T&uacute; Xuất, Thủ Thiệm, Ba Phi l&agrave; những nh&acirc;n vật ch&iacute;nh trong hệ thống truyện cười d&acirc;n gian đặc sắc của Việt Nam. Những nh&acirc;n vật s&aacute;ng tạo ra tiếng cười l&agrave; đại diện cho kh&aacute;t vọng tư tưởng của nh&acirc;n d&acirc;n. Vua ch&uacute;a, quan lại, sau tiếng cười hả h&ecirc; ở cuối truyện, hiện l&ecirc;n l&agrave; những kẻ mất nh&acirc;n c&aacute;ch, dốt n&aacute;t, xảo quyệt, gian tham, t&agrave;n &aacute;c, v&agrave;o luồn ra c&uacute;i. Những th&oacute;i hư tật xấu của của con người cũng được mang ra chế giễu, cười cợt. B&ecirc;n cạnh tiếng cười đả k&iacute;ch c&ograve;n c&oacute; tiếng cười d&iacute; dỏm nhẹ nh&agrave;ng khi tự tr&agrave;o, khi đ&ugrave;a cợt, chế giễu bạn b&egrave;, người th&acirc;n.</p>\r\n\r\n<p>Hệ thống truyện Trạng Quỳnh, Trạng Lợn, Xiển Bột, Ba Giai - T&uacute; Xuất, Thủ Thiệm, Ba Phi l&agrave; một bức tranh ch&acirc;m biếm đả k&iacute;ch sắc sảo, ch&acirc;n thực x&atilde; hội phong kiến. Những nh&acirc;n vật n&agrave;y đ&atilde; thay mặt nh&acirc;n d&acirc;n lao động l&agrave;m một cuộc &quot;khởi nghĩa&quot; bằng tiếng cười để từ gi&atilde; chế độ phong kiến suy t&agrave;n một c&aacute;ch h&agrave;i hước nhất.</p>\r\n','bc884d77-14f2-46b7-846b-3c14b27e4a58.jpg','741746c8-6265-4758-9149-294cd42daf02.jpg',1,'2024-12-06 21:25:00.246717','2024-12-06 21:25:00.246717'),(19,'S_20','Ông Nội Phiêu Lưu Ký - Câu Chuyện Về Nửa Triệu Bảng Anh, Một Ông Nội Mới Toanh, Và Một Chuyến Phiêu Lưu Vô Giá',1,'Hài Hước','Jenny Pearson, David O\'Connell','NXB Hội Nhà Văn','2023-06',500,'14.5 x 20.5 x 2.7',100,20,0,200000,160000,'<p>Một ng&agrave;y, Frank John Davenport bỗng được thừa kế cả gia t&agrave;i từ một người b&agrave; m&agrave; cậu c&ograve;n chưa hề biết tới. Số tiền khổng lồ ấy đến với cậu k&egrave;m theo những chỉ dẫn nghi&ecirc;m t&uacute;c v&agrave; một &Ocirc;ng Nội Mới .</p>\r\n\r\n<p>Frank nhanh ch&oacute;ng lập một Danh S&aacute;ch Tung Ho&agrave;nh để gi&uacute;p &ocirc;ng nội gắt gỏng của m&igrave;nh thực hiện mọi điều muốn l&agrave;m trong đời. Với số tiền ấy, hai &ocirc;ng ch&aacute;u c&oacute; thể bay tr&ecirc;n kinh kh&iacute; cầu, l&aacute;i xe tải qu&aacute;i vật&hellip; thậm ch&iacute; trải nghiệm m&ocirc;n Parkour cực ngầu. Nhưng bằng c&aacute;ch n&agrave;o Frank đ&atilde; kh&aacute;m ph&aacute; ra hạnh ph&uacute;c đ&iacute;ch thực l&agrave; v&ocirc; gi&aacute;?</p>\r\n','d3e6bc40-e76e-4c69-b9ed-374a6e3acda2.jpg','670e2aff-d6f2-45bd-b74f-df2608ef2d3e.jpg',1,'2024-12-06 21:25:55.911699','2024-12-06 21:25:55.911699'),(20,'S_21','Mật mã Da Vinci',2,'Trinh Thám','Dan Brown','NXB Doubleday Fiction','2023-08',500,'14.5 x 20.5 x 2.7',200,60,0,120000,NULL,'<p>Nhắc đến những cuốn s&aacute;ch trinh th&aacute;m hay nhất mọi thời đại, kh&ocirc;ng thể kh&ocirc;ng đề cập đến t&aacute;c phẩm Mật m&atilde; Da Vinci - một cuốn tiểu thuyết nổi tiếng của t&aacute;c giả Dan Brown. Cuốn s&aacute;ch g&acirc;y ấn tượng mạnh với nhiều độc giả bởi sự pha trộn giữa 2 yếu tố trinh th&aacute;m v&agrave; thần thoại. Cốt truyện kể về h&agrave;nh tr&igrave;nh truy t&igrave;m địa điểm cất giấu Ch&eacute;n Th&aacute;nh của Robert Langdon - một gi&aacute;o sư đang giảng dạy tại Harvard v&agrave; Sophie Neveu - một chuy&ecirc;n vi&ecirc;n giải m&atilde; đang l&agrave;m việc trong lực lượng cảnh s&aacute;t Ph&aacute;p th&ocirc;ng qua một vụ giết người. Với những t&igrave;nh tiết hấp dẫn, kịch t&iacute;nh, ch&acirc;n thực, t&aacute;c phẩm n&agrave;y sẽ đưa bạn đi từ bất ngờ n&agrave;y đến bất ngờ kh&aacute;c, khiến độc giả kh&ocirc;ng thể rời mắt cho đến những trang s&aacute;ch cuối c&ugrave;ng.&nbsp;</p>\r\n','6d21a22c-dca2-4346-abd1-69b6a6a635ce.jpg','365cd1fb-f48f-433d-a3c3-1ad77e3b24f8.jpg',1,'2024-12-06 21:28:14.174596','2024-12-06 21:28:14.174596'),(21,'S_22','Sherlock Holmes ',2,'Trinh Thám','Arthur Conan Doyle','NXB Phụ Nữ','2024-06',500,'14.5 x 20.5 x 2.7',20,120,0,123000,80000,'<p>Sherlock Holmes l&agrave; một t&aacute;c phẩm kinh điển thuộc thể loại trinh th&aacute;m nổi danh tr&ecirc;n khắp thế giới. Tuy chỉ l&agrave; một nh&acirc;n vật hư cấu, nhưng Sherlock Holmes đ&atilde; trở th&agrave;nh nguồn cảm hứng cho nhiều t&aacute;c phẩm ở nhiều loại h&igrave;nh nghệ thuật kh&aacute;c nhau như nhạc kịch, điện ảnh,... T&aacute;c phẩm kh&ocirc;ng chứa đựng những t&igrave;nh tiết giật g&acirc;n hay giết người t&agrave;n nhẫn, nhưng vẫn thu h&uacute;t đ&ocirc;ng đảo độc giả bởi những t&igrave;nh tiết logic, s&aacute;ng tạo c&ugrave;ng với cuộc đấu tr&iacute; c&acirc;n n&atilde;o giữa th&aacute;m tử Sherlock Holmes v&agrave; gi&aacute;o sư Moriarty.</p>\r\n','9d563ed6-b31b-41b9-8de1-6501e3b4e88b.jpg','820dd93e-c0fe-4af6-9acf-8d3b11889e6b.jpg',1,'2024-12-06 21:29:13.460193','2024-12-06 21:29:13.460193'),(22,'S_23','Sự im lặng của bầy cừu',2,'Trinh Thám','Thomas Harris','NXB Hội Nhà Văn','2024-08',500,'14.5 x 20.5 x 2.7',200,20,0,100000,NULL,'<p>Sự im lặng của bầy cừu được xuất bản v&agrave;o năm 1988, l&agrave; phần tiếp theo của cuốn tiểu thuyết Rồng đỏ ph&aacute;t h&agrave;nh năm 1981. Nội dung t&aacute;c phẩm kể về Tiến sĩ Hannibal Lecter - một kẻ giết người h&agrave;ng loạt v&agrave; ăn thịt người. Clarice Starling, một nh&acirc;n vi&ecirc;n thực tập của FBI được ph&acirc;n c&ocirc;ng thu thập th&ocirc;ng tin từ Lecter nhằm điều tra về một kẻ giết người h&agrave;ng loạt b&iacute; ẩn - &ldquo;Buffalo Bill&rdquo;. Cuộc đối đầu giữa Clarice v&agrave; Hannibal đạt đến đỉnh điểm khi con g&aacute;i của một Thượng nghị sĩ bị bắt c&oacute;c. Những cuộc đấu tr&iacute; căng thẳng, những m&agrave;n giết người &aacute;m ảnh, Sự im lặng của bầy cừu hội tụ đầy đủ c&aacute;c yếu tố của một cuốn tiểu thuyết trinh th&aacute;m hay nhất mọi thời đại.</p>\r\n','325ff4d8-72ff-44ed-9d90-febb428ce2ba.jpg','f06675d0-05bc-4288-9897-30e026d1280f.jpg',1,'2024-12-06 21:30:09.297055','2024-12-06 21:30:09.297055'),(23,'S_24','Án mạng trên sông Nile',2,'Trinh Thám','Agatha Christie','NXB Trẻ','2024-03',500,'14.5 x 20.5 x 2.7',100,10,0,120000,NULL,'<p>&Aacute;n mạng tr&ecirc;n s&ocirc;ng Nile l&agrave; một cuốn tiểu thuyết trinh th&aacute;m, h&igrave;nh sự được nh&agrave; văn Agatha Christie ph&aacute;t h&agrave;nh v&agrave;o ng&agrave;y 1/11/1937. Nội dung ch&iacute;nh của t&aacute;c phẩm l&agrave; một vụ &aacute;n mạng xảy ra tại một con t&agrave;u du lịch tr&ecirc;n s&ocirc;ng Nile trong h&agrave;nh tr&igrave;nh đến Ai Cập.&nbsp;&nbsp;</p>\r\n\r\n<p>Linnet Ridgeway l&agrave; một thiếu nữ c&oacute; trong tay tất cả mọi thứ từ nhan sắc đến của cải. Được c&ocirc; bạn th&acirc;n Jacqueline nhờ vả, Linnet đ&atilde; sắp xếp cho Simon - vị h&ocirc;n th&ecirc; của Jacqueline v&agrave;o l&agrave;m việc tại điền trang của c&ocirc;. Nhưng trớ tr&ecirc;u thay, sau khi Simon bắt đầu l&agrave;m việc tại đ&acirc;y, anh v&agrave; Linnet lại phải l&ograve;ng nhau. Hai người tiến tới h&ocirc;n nh&acirc;n trước sự ngỡ ng&agrave;ng của Jacqueline. V&igrave; qu&aacute; đau đớn v&agrave; uất hận khi bị 2 người m&igrave;nh tin tưởng nhất phản bội, Jacqueline quyết t&acirc;m phải trả th&ugrave; cặp đ&ocirc;i n&agrave;y bằng mọi gi&aacute;. Đ&oacute; cũng l&agrave; l&yacute; do v&igrave; sao cả 3 người c&ugrave;ng xuất hiện tr&ecirc;n con t&agrave;u du lịch tr&ecirc;n s&ocirc;ng Nile. Mọi chuyện trở n&ecirc;n rối loạn khi c&ocirc; hầu g&aacute;i của Linnet ph&aacute;t hiện c&ocirc; chủ của m&igrave;nh đ&atilde; bị giết chết. Kh&ocirc;ng l&acirc;u sau đ&oacute;, c&ocirc; hầu g&aacute;i cũng được ph&aacute;t hiện l&agrave; đ&atilde; thiệt mạng. Liệu ai l&agrave; người đứng sau những vụ giết người b&iacute; ẩn n&agrave;y?&nbsp;</p>\r\n','ea99747b-0b67-438b-bc89-e7989813b5e6.jpg','56843357-81b8-4b3b-b017-e678e5ed0068.jpg',1,'2024-12-06 21:31:15.131607','2024-12-06 21:31:15.131608'),(24,'S_25','Án mạng trên chuyến tàu tốc hành Phương Đông Agatha Christie',2,'Trinh Thám','Agatha Christie','NXB Trẻ','2024-03',500,'14.5 x 20.5 x 2.7',200,40,0,120000,NULL,'<p>&Aacute;n mạng tr&ecirc;n chuyến t&agrave;u tốc h&agrave;nh phương Đ&ocirc;ng l&agrave; một cuốn s&aacute;ch trinh th&aacute;m kinh điển kh&aacute;c của t&aacute;c giả nổi tiếng thế giới - Agatha Christie. Nội dung cuốn s&aacute;ch kể về một vụ &aacute;n mạng b&iacute; ẩn xảy ra tr&ecirc;n chuyến t&agrave;u tốc h&agrave;nh Phương Đ&ocirc;ng theo lộ tr&igrave;nh từ Istanbul về Calais. V&agrave; thật t&igrave;nh cờ, th&aacute;m tử Hercule Poirot cũng c&oacute; mặt tr&ecirc;n chuyến t&agrave;u n&agrave;y. Khoang t&agrave;u được kh&oacute;a k&iacute;n từ b&ecirc;n trong v&agrave; nạn nh&acirc;n bị đ&acirc;m đến 12 nh&aacute;t dao. Tuy nhi&ecirc;n, 12 nh&aacute;t dao n&agrave;y lại kh&ocirc;ng phải của c&ugrave;ng 1 hung thủ. Sau khi kh&aacute;m x&eacute;t h&agrave;nh l&yacute; v&agrave; thẩm vấn từng người, th&aacute;m tử Hercule ph&aacute;t hiện ra rằng c&oacute; đến 12 người l&agrave; nghi phạm trong vụ &aacute;n h&oacute;c b&uacute;a n&agrave;y. Vậy ai mới l&agrave; kẻ g&acirc;y &aacute;n thật sự?</p>\r\n','1e24211d-3b8b-4b0c-849e-22352f3d83fc.jpg','b9a33182-b16d-432e-8ac0-57990b5896df.jpg',1,'2024-12-06 21:32:07.238260','2024-12-06 21:32:07.238260'),(25,'S_26','Phía sau Nghi can X',2,'Trinh Thám','Higashino Keigo','Nhà Xuất Bản Hội Nhà Văn','2024-06',500,'14.5 x 20.5 x 2.7',200,20,0,100000,NULL,'<p>Ph&iacute;a sau nghi can X l&agrave; một trong những cuốn s&aacute;ch trinh th&aacute;m hay nhất của t&aacute;c giả Higashino Keigo. Togashi v&agrave; Yasuki l&agrave; một đ&ocirc;i vợ chồng đ&atilde; ly h&ocirc;n với nhau 5 năm. Sự trở lại đột ngột của Togashi sau 5 năm đ&atilde; khiến mọi chuyện trở n&ecirc;n hỗn loạn. Sau một hồi giằng co, Yasuki đ&atilde; v&ocirc; t&igrave;nh giết hại chồng cũ. H&agrave;ng x&oacute;m của Yasuki - Ishigami đ&atilde; đề nghị gi&uacute;p đỡ c&ocirc; xử l&yacute; c&aacute;i x&aacute;c v&agrave; d&agrave;n xếp mọi chuyện ổn thỏa. Điều tra vi&ecirc;n Kusanagi v&agrave; ph&oacute; gi&aacute;o sư vật l&yacute; Manabu Yukawa đ&atilde; c&ugrave;ng nhau phối hợp điều tra vụ &aacute;n mạng n&agrave;y. Cuốn s&aacute;ch trinh th&aacute;m n&agrave;y đ&atilde; c&ocirc;ng khai hung thủ v&agrave; đồng phạm ngay từ những gi&acirc;y ph&uacute;t đầu ti&ecirc;n nhưng dưới ng&ograve;i b&uacute;t của Keigo, cuốn tiểu thuyết vẫn khiến người bị cuốn theo những gi&acirc;y ph&uacute;t t&igrave;m kiếm sự thật về c&aacute;ch m&agrave; một thi&ecirc;n t&agrave;i to&aacute;n học - Ishigami g&acirc;y &aacute;n. Đ&acirc;y kh&ocirc;ng chỉ đơn thuần l&agrave; một cuốn s&aacute;ch trinh th&aacute;m với những yếu tố kịch t&iacute;nh, gay cấn, v&agrave; t&igrave;nh tiết g&acirc;y &aacute;n đầy logic m&agrave; c&ograve;n ẩn chứa cả l&agrave; t&igrave;nh y&ecirc;u đầy đau đớn m&agrave; Ishigami d&agrave;nh cho Yasuki.</p>\r\n','d36cb8ed-dd80-4327-a670-2bfd6931c8ca.jpg','6944d6ec-ab3a-4beb-b7b4-dbd0c9a1c9a0.jpg',1,'2024-12-06 21:32:50.078309','2024-12-06 21:32:50.078309'),(26,'S_27','Hỏa ngục',2,'Trinh Thám','Dan Brown','NXB Lao Động','2024-05',200,'14.5 x 20.5 x 2.7',20,20,0,120000,NULL,'<p>Nhắc đến những cuốn tiểu thuyết trinh th&aacute;m nổi tiếng tr&ecirc;n thế giới, chắc chắn ch&uacute;ng ta kh&ocirc;ng thể bỏ qua một t&aacute;c phẩm cực k&igrave; nổi tiếng l&agrave; Hỏa Ngục của nh&agrave; văn người Mỹ - Dan Brown. T&aacute;c phẩm được xuất bản v&agrave;o năm 2013 v&agrave; ngay lập tức trở th&agrave;nh một trong những cuốn tiểu thuyết b&aacute;n chạy nhất tr&ecirc;n danh s&aacute;ch New York Times Best Seller.</p>\r\n\r\n<p>Trong t&aacute;c phẩm n&agrave;y, Robert Langdon bị mắc kẹt trong một chuỗi mật m&atilde; b&iacute; ẩn, được s&aacute;ng tạo bởi một nh&agrave; khoa học xuất ch&uacute;ng. Nh&agrave; khoa học n&agrave;y c&oacute; một nỗi &aacute;m ảnh đ&aacute;ng sợ về sự diệt vong v&agrave; gia tăng d&acirc;n số. V&igrave; thế, &ocirc;ng đ&atilde; tạo ra một loại virus c&oacute; thể l&agrave;m l&acirc;y lan dịch bệnh g&acirc;y chết người v&agrave; giấu n&oacute; ở một nơi b&iacute; mật. Hỏa Ngục l&agrave; h&agrave;nh tr&igrave;nh Langdon đi qua c&aacute;c địa điểm tr&ecirc;n thế giới để cố gắng t&igrave;m ra loại virus nguy hiểm v&agrave; cứu thế giới khỏi sự diệt vong.</p>\r\n','08256039-68d6-4512-a201-a986dc6de3df.jpg','00a8d672-179f-4041-8781-43b976fa5dc8.jpg',1,'2024-12-06 21:33:52.894423','2024-12-06 21:33:52.894423'),(27,'S_28','Thú tội',2,'Trinh Thám','Kanae Minato','NXB Hội Nhà Văn','2023-05',200,'14.5 x 20.5 x 2.7',20,60,0,120000,80000,'<p>Th&uacute; tội - Minato Kanae l&agrave; một trong&nbsp;<a href=\"https://zalopay.vn/nhung-cuon-sach-ban-chay-nhat-the-gioi-1383\">những cuốn s&aacute;ch b&aacute;n chạy nhất</a>&nbsp;trong năm 2009 v&agrave; được chuyển thể th&agrave;nh phim chỉ 1 năm sau khi xuất bản. Đ&uacute;ng với tựa đề của t&aacute;c phẩm, cuốn s&aacute;ch n&agrave;y bao gồm 6 chương, với mỗi chương l&agrave; mỗi lời th&uacute; tội, xoay quanh c&aacute;i chết của c&ocirc; b&eacute; Manami. Một đứa b&eacute; chỉ mới 1 tuổi, lại bị 2 học sinh cấp 2 ra tay t&agrave;n nhẫn v&agrave; d&agrave;n dựng th&agrave;nh một vụ tai nạn. Mẹ của c&ocirc; b&eacute; tội nghiệp ấy cũng ch&iacute;nh l&agrave; gi&aacute;o vi&ecirc;n chủ nhiệm của 2 kẻ s&aacute;t nh&acirc;n t&agrave;n độc. Cuốn s&aacute;ch trinh th&aacute;m n&agrave;y kh&ocirc;ng chỉ khiến c&aacute;c độc giả cảm thấy ớn lạnh v&igrave; tội &aacute;c của 2 hung thủ, m&agrave; c&ograve;n chỉ ra vai tr&ograve; quan trọng của sự gi&aacute;o dục từ gia đ&igrave;nh đối với mỗi đứa trẻ.</p>\r\n','1d34f609-feb9-48b1-ab4f-4a6e9af6ecec.jpg','d1fd1dda-4136-407c-8902-3b61b685bc3a.jpg',1,'2024-12-06 21:34:40.748617','2024-12-06 21:34:40.748617'),(28,'S_29','Cô gái có hình xăm rồng  ',2,'Trinh Thám','Stieg Larsson','NXB Phụ Nữ','2023-08',500,'14.5 x 20.5 x 2.7',20,80,0,300000,180000,'<p>C&ocirc; g&aacute;i c&oacute; h&igrave;nh xăm rồng được xuất bản v&agrave;o năm 2005, l&agrave; một trong những cuốn s&aacute;ch trinh th&aacute;m b&aacute;n chạy nhất tại Ch&acirc;u &Acirc;u v&agrave; Hoa Kỳ. Henrik Vanger l&agrave; người đứng đầu cả một d&ograve;ng họ danh gi&aacute; n&ecirc;n &ocirc;ng sẵn s&agrave;ng chi ra một khoản tiền lớn để điều tra về vụ mất t&iacute;ch c&aacute;ch đ&acirc;y hơn 40 năm của ch&aacute;u g&aacute;i m&igrave;nh, Harriet. Mikael Blomkvist, một nh&agrave; b&aacute;o v&agrave; Lisbeth Slander, một hacker trẻ tuổi đ&atilde; c&ugrave;ng nhau kh&aacute;m ph&aacute; v&agrave; điều tra về vụ mất t&iacute;ch b&iacute; ẩn n&agrave;y. Kh&ocirc;ng chỉ kh&aacute;m ph&aacute; ra những b&iacute; ẩn đ&aacute;ng sợ về sự mất t&iacute;ch của Harrier, cặp đ&ocirc;i n&agrave;y c&ograve;n điều tra ra những b&iacute; mật kinh ho&agrave;ng v&agrave; những vụ giết người h&agrave;ng loạt ph&iacute;a sau d&ograve;ng họ Vanger.</p>\r\n','2e795e3f-dd58-44e4-9d40-7e8fa16c0202.jpg','aa3e26fc-eb05-43b9-b7e5-0dede8184c9e.jpg',1,'2024-12-06 21:35:30.709828','2024-12-06 21:35:30.709828'),(29,'S_30','Kỳ án ánh trăng',2,'Trinh Thám','Quỷ Cổ Nữ','NXB Văn Học','2024-05',320,'14.5 x 20.5 x 2.7',360,20,0,120000,NULL,'<p>Kỳ &aacute;n &aacute;nh trăng xoay quanh một sự kiện kỳ lạ xảy ra tại k&yacute; t&uacute;c x&aacute; của một Trường Đại học Y nổi tiếng ở Trung Quốc. V&agrave;o ng&agrave;y 16/6 h&agrave;ng năm, sẽ c&oacute; một nữ sinh tr&egrave;o l&ecirc;n cửa sổ của ph&ograve;ng 405, khu nh&agrave; 13 v&agrave; nhảy lầu tự vẫn. Sự kiện n&agrave;y xảy ra trong v&ograve;ng 12 năm li&ecirc;n tiếp nhưng kh&ocirc;ng một ai c&oacute; thể t&igrave;m được l&yacute; do d&ugrave; đ&atilde; cố gắng t&igrave;m mọi c&aacute;ch để ngăn cản. Đặc biệt, trước khi tự vẫn, c&aacute;c nữ sinh n&agrave;y đều sẽ lẩm nhẩm rằng &ldquo;&Aacute;nh trăng l&agrave; g&igrave;?&rdquo;. Đồng thời, họ cũng sẽ đi qua khu phẫu thuật của trường v&agrave;o ban đ&ecirc;m. Liệu nguy&ecirc;n nh&acirc;n thật sự của sự kiện b&iacute; ẩn n&agrave;y l&agrave; g&igrave;?</p>\r\n','26ad49af-ed57-454b-b6ca-254ebdfc9a38.jpg','5fbeb156-ab56-437d-bced-52069d6f815b.jpg',1,'2024-12-06 21:36:50.854944','2024-12-06 21:36:50.854944'),(30,'S_31','Vòng tròn máu ',2,'Trinh Thám','Edgar Wallace','NXB Văn Học','2024-04',120,'14.5 x 20.5 x 2.7',20,50,0,160000,132000,'<p>Được xuất bản v&agrave;o năm 1922, V&ograve;ng tr&ograve;n m&aacute;u l&agrave; một t&aacute;c phẩm trinh th&aacute;m đ&atilde; tạo n&ecirc;n tiếng vang lớn tại Ch&acirc;u &Acirc;u v&agrave;o thời điểm ph&aacute;t h&agrave;nh. James Beaardmore - một triệu ph&uacute;, đ&atilde; nhận được thư tống tiền v&agrave; cũng l&agrave; &ldquo;lời cảnh c&aacute;o cuối c&ugrave;ng&rdquo; từ tổ chức V&Ograve;NG TR&Ograve;N M&Aacute;U, nhưng &ocirc;ng vẫn nhất quyết kh&ocirc;ng khoan nhượng. Kết quả, &ocirc;ng đ&atilde; bị s&aacute;t hại ngay tại nh&agrave; m&igrave;nh v&agrave;o ng&agrave;y h&ocirc;m sau. Mọi chuyện trở n&ecirc;n rắc rối hơn khi ng&agrave;y c&agrave;ng c&oacute; nhiều người gi&agrave;u c&oacute; nhận được những l&aacute; thư tống tiền, với một y&ecirc;u cầu ngắn gọn: NỘP NGƯỜI HAY NỘP MẠNG. Nhận thấy mức độ nghi&ecirc;m trọng của vấn đề, cảnh s&aacute;t đ&atilde; bắt tay v&agrave;o điều tra, kh&aacute;m ph&aacute;. Đồng thời, đ&acirc;y cũng ch&iacute;nh mở đầu cho những cuộc đấu tr&iacute; c&acirc;n n&atilde;o, căng thẳng giữa V&Ograve;NG TR&Ograve;N M&Aacute;U với cảnh s&aacute;t.</p>\r\n','8702cef1-8f09-4535-8207-88fcef805bbe.jpg','0937c99d-a018-43a0-b785-5a7a660c4e2f.jpg',1,'2024-12-06 21:37:35.599438','2024-12-06 21:37:35.599438'),(31,'S_32','Đề thi đẫm máu',2,'Trinh Thám','Lôi Mễ','NXB Văn Học','2024-01',340,'14.5 x 20.5 x 2.7',20,50,0,90000,NULL,'<p>Đề thi đẫm m&aacute;u l&agrave; một t&aacute;c phẩm tiểu thuyết trinh th&aacute;m, kinh dị nổi tiếng của t&aacute;c giả L&ocirc;i Mễ. Những vụ &aacute;n giết người h&agrave;ng loạt, những vụ cưỡng hiếp giết người, t&ecirc;n tội phạm biến th&aacute;i c&oacute; sở th&iacute;ch uống m&aacute;u nạn nh&acirc;n pha trộn với sữa tươi, tất cả đều được khắc họa hết sức ch&acirc;n thực, l&ocirc;i cuốn dưới ng&ograve;i b&uacute;t của L&ocirc;i Mễ. Phương Mộc, một sinh vi&ecirc;n v&ocirc; c&ugrave;ng th&ocirc;ng minh bỗng bị k&eacute;o v&agrave;o qu&aacute; tr&igrave;nh điều tra, c&ugrave;ng phối hợp với cảnh s&aacute;t để t&igrave;m ra ch&acirc;n tướng kẻ thủ &aacute;c. Liệu anh c&oacute; thể t&igrave;m ra lời giải cho đề thi kh&oacute; nhằn n&agrave;y hay kh&ocirc;ng?</p>\r\n','a48193e2-0b9e-4b8c-afeb-538d94b9ac8a.jpg','1f95ff38-baa2-4765-9d53-3a3f3ce7e54f.jpg',1,'2024-12-06 21:39:08.685234','2024-12-06 21:39:08.685234'),(32,'S_33',' Sát nhân mạng',2,'Trinh Thám','Jeffery Deaver','NXB Lao Động','2022-01',500,'14.5 x 20.5 x 2.7',20,40,0,70000,50000,'<p>S&aacute;t nh&acirc;n mạng l&agrave; một tiểu thuyết trinh th&aacute;m c&oacute; cốt truyện kh&aacute; mới lạ, độc đ&aacute;o, khi Jeffery Deaver lựa chọn khai th&aacute;c chủ đề hacker v&agrave; thế giới m&aacute;y t&iacute;nh. Phate l&agrave; một hacker t&agrave;i ba, xuất ch&uacute;ng. Thế nhưng, bị ruồng bỏ từ khi c&ograve;n nhỏ v&agrave; nỗi c&ocirc; đơn bủa v&acirc;y đ&atilde; khiến hắn trở th&agrave;nh một hacker m&aacute;u lạnh. Hắn tin rằng cuộc sống ở ngo&agrave;i thế giới thực cũng chỉ l&agrave; một tr&ograve; chơi m&agrave; ở đ&oacute;, hắn chỉ xem việc giết người như một nhiệm vụ để chiến thắng tr&ograve; chơi. V&ocirc; số con người v&ocirc; tội đ&atilde; bị hắn s&aacute;t hại. Hắn h&agrave;nh động một c&aacute;ch b&iacute; ẩn v&agrave; bất ngờ tới mức nạn nh&acirc;n kh&ocirc;ng kịp trở tay. Cuốn s&aacute;ch n&agrave;y sẽ mang đến cho người đọc những pha rượt đuổi gay cấn, những bất ngờ kh&ocirc;ng lường trước được khiến bạn kh&ocirc;ng thể rời mắt khỏi những trang s&aacute;ch cho đến khi kết th&uacute;c.</p>\r\n','c9c953c5-332e-44e4-8842-60228dddc557.jpg','bf9413ff-6df1-4a3d-85db-477313880246.jpg',1,'2024-12-06 21:40:54.837376','2024-12-06 21:40:54.837376'),(33,'S_34','Chim Cổ Đỏ',2,'Trinh Thám','Jo Nesbo','NXB Hà Nội','2020-04',500,'14.5 x 20.5 x 2.7',20,60,0,60000,30000,'<p>Chim cổ đỏ l&agrave; một t&aacute;c phẩm trinh th&aacute;m kinh điển, đan xen giữa c&aacute;c sự kiện trong lịch sử với c&aacute;c vấn đề hiện tại của thế giới. T&aacute;c phẩm kh&ocirc;ng chỉ đề cập đến những vụ &aacute;n b&iacute; ẩn xảy ra ở thời điểm hiện tại m&agrave; c&ograve;n khơi dậy những sự kiện đ&atilde; bị v&ugrave;i lấp trong qu&aacute; khứ. Harry - một vi&ecirc;n sĩ quan, l&agrave; người đảm nhận trọng tr&aacute;ch theo d&otilde;i hoạt động của chủ nghĩa ph&aacute;t x&iacute;t mới tại Na Uy. Trong qu&aacute; tr&igrave;nh l&agrave;m nhiệm vụ, anh ph&aacute;t hiện ra một &acirc;m mưu b&iacute; ẩn, t&agrave;n &aacute;c, c&ugrave;ng với việc ph&aacute;t hiện ra &acirc;m mưu c&oacute; li&ecirc;n hệ mật thiết tới một người đang l&agrave;m việc trong giới cảnh s&aacute;t. Đ&acirc;y ch&iacute;nh l&agrave; điểm khởi đầu, mở ra h&agrave;nh tr&igrave;nh chạy đua với thời gian để ngăn chặn những h&agrave;nh động t&agrave;n &aacute;c của Harry.</p>\r\n','a08b7911-fd88-47c1-a716-6e67b5cec5ed.jpg','71b00770-26aa-4da5-9527-ea53f207a2d4.jpg',1,'2024-12-06 21:42:34.886371','2024-12-06 21:42:34.886371'),(34,'S_35','Hang dã thú',2,'Trinh Thám','Jeffery Deaver','NXB Lao Động','2022-01',500,'14.5 x 20.5 x 2.7',20,20,0,300000,120000,'<p>Hang d&atilde; th&uacute; c&oacute; bối cảnh v&agrave;o năm 1936, kể về một người Mỹ gốc Đức v&agrave; hiện đang sinh sống tại New York, Paul Schumann. G&atilde; l&agrave; một s&aacute;t thủ nổi tiếng với những kỹ năng đỉnh cao c&ugrave;ng chiến thuật xuất sắc. Mọi chuyện trở n&ecirc;n rắc rối khi Paul bị cảnh s&aacute;t bắt khi đang thực hiện một nhiệm vụ. Anh c&oacute; 2 sự lựa chọn, hoặc l&agrave; ăn cơm t&ugrave;, hoặc l&agrave; đảm nhận một nhiệm vụ b&iacute; ẩn của Ch&iacute;nh phủ. Hang d&atilde; th&uacute; chắc chắn sẽ l&agrave; một cuốn s&aacute;ch trinh th&aacute;m khiến bạn kh&ocirc;ng thể rời mắt bởi những pha h&agrave;nh động, đối đầu đầy g&acirc;y cấn.</p>\r\n','24a2771a-efca-499a-8c30-213a7e8a78d9.jpg','2fdd80c9-ffbf-48c7-b690-61fc20d2005f.jpg',1,'2024-12-06 21:45:24.369676','2024-12-06 21:45:24.369676'),(35,'S_37','Tuyển Tập Truyện Ngụ Ngôn Hay Nhất',3,'Ngụ Ngôn','Nguyễn Châu Nguyên','NXB Trẻ','2024-06',300,'14.5 x 20.5 x 2.7',20,20,0,50000,45000,'<p>Ngắn gọn m&agrave; giản dị, s&acirc;u sắc m&agrave; d&iacute; dỏm, những c&acirc;u chuyện ngụ ng&ocirc;n lu&ocirc;n c&oacute; sức sống trường tồn trong d&ograve;ng chảy văn học. D&ugrave;ng nghệ thuật ẩn dụ hoặc nh&acirc;n h&oacute;a, hay kể cả con người, truyện ngụ ng&ocirc;n truyền tải những b&agrave;i học đầy &yacute; nghĩa ve&egrave; c&aacute;ch sống v&agrave; c&aacute;ch l&agrave;m người, răn dạy người ta l&aacute;nh xa c&aacute;i xấu, hướng tới điều thiện, điều tốt đẹp.</p>\r\n\r\n<p>Trong cuốn s&aacute;ch n&agrave;y c&oacute; những c&acirc;u chuyện ngụ ng&ocirc;n hay nhất được tuyển chọn từ c&aacute;c t&aacute;c giả nổi tiếng như Aesop, La Fontaine... c&ugrave;ng những c&acirc;u chuyện ngụ ng&ocirc;n hay, gi&agrave;u &yacute; nghĩa của Việt Nam v&agrave; c&aacute;c quốc gia kh&aacute;c tr&ecirc;n thế giới</p>\r\n','8603781d-ff4a-402e-8ac5-3d73ed41aec1.jpg','1aef8ab4-fffd-4753-bb6e-6956242c401d.jpg',1,'2024-12-06 21:52:09.539021','2024-12-06 21:52:09.539021'),(36,'S_38','Tuyển Tập Những Câu Chuyện Hay Nhất Của Aesop (Song Ngữ Anh-Việt)',3,'Ngụ Ngôn','Aesop','NXB Trẻ','2024-06',300,'14.5 x 20.5 x 2.7',20,20,0,60000,45000,'<p>Cuốn s&aacute;ch &ldquo;Tuyển tập những c&acirc;u chuyện hay nhất của Aesop&rdquo; chứa đựng một kho t&agrave;ng đồ sộ những c&acirc;u chuyện ngụ ng&ocirc;n, kể về những con vật đ&atilde; được nh&acirc;n c&aacute;ch ho&aacute;, tượng trưng cho những con người, sự việc m&agrave; ch&uacute;ng ta sẽ gặp tr&ecirc;n đường đời.</p>\r\n\r\n<p>T&aacute;c giả Aesop được mệnh danh l&agrave; &ocirc;ng ho&agrave;ng của những c&acirc;u chuyện ngụ ng&ocirc;n rất nổi tiếng người Hy Lạp. Truyện ngụ ng&ocirc;n Aesop được truyền miệng trong d&acirc;n gian qua nhiều thế hệ v&agrave; nhiều nền văn h&oacute;a kh&aacute;c nhau. Trong qu&aacute; tr&igrave;nh lưu truyền đ&oacute;, một số truyện đ&atilde; bị mất đi, nhưng cũng c&oacute; một số truyện được th&ecirc;m v&agrave;o từ c&aacute;c nền văn h&oacute;a đ&oacute;, thể hiện sự ngưỡng mộ của nh&acirc;n loại đối với tr&iacute; tuệ s&acirc;u sắc của &ocirc;ng.</p>\r\n','80c5bb7d-165e-47c5-b4ad-952b360e3f3b.jpg','f8e55e5b-77c6-49c4-be0d-6e5ce41b1246.jpg',1,'2024-12-06 21:52:42.900500','2024-12-06 21:52:42.900500'),(37,'S_39','50 Truyện Cổ Tích Hay Dành Cho Bé Gái',3,'Ngụ Ngôn','Đức Hậu','NXB Trẻ','2024-06',300,'14.5 x 20.5 x 2.7',20,17,3,70000,45000,'<p>C&aacute;c em nhỏ l&agrave; những b&ocirc;ng hoa v&agrave; l&agrave; tương lai của đất nước. C&aacute;c em mới được sinh ra tr&ecirc;n thế giới, trong đầu l&agrave; một tờ giấy trắng c&oacute; thể vẽ ra những bức tranh đẹp nhất, tốt nhất. Cha mẹ l&agrave; những người thầy gi&aacute;o, c&ocirc; gi&aacute;o đầu ti&ecirc;n của c&aacute;c em, g&aacute;nh v&aacute;c tr&aacute;ch nhiệm l&agrave; với tư tưởng trong s&aacute;ng nhất, ch&iacute;nh x&aacute;c nhất v&agrave; tốt đẹp nhất để dẫn dắt v&agrave; gi&aacute;o dục dạy dỗ c&aacute;c em trở th&agrave;nh những con người vừa c&oacute; phẩm chất đạo đức ưu t&uacute; vừa c&oacute; đầy sức lực v&agrave; tr&iacute; tuệ. Thế giới nội t&acirc;m của c&aacute;c em l&agrave; vương quốc của lời thoại trẻ em, từ l&uacute;c c&aacute;c em bắt đầu biết n&oacute;i bi b&ocirc; th&igrave; đ&atilde; th&iacute;ch nghe kể chuyện. Biết bao nhi&ecirc;u c&acirc;u truyện hay đ&atilde; để lại trong k&yacute; ức của c&aacute;c em hết thế hệ n&agrave;y đến thế hệ kh&aacute;c, đ&atilde; gieo những hạt giống lương thiện, gi&agrave;u l&ograve;ng y&ecirc;u thương v&agrave; ch&iacute;nh trực trong l&ograve;ng c&aacute;c em. Do vậy, cha mẹ h&atilde;y d&ugrave;ng những c&acirc;u truyện tốt đẹp, sinh động, c&oacute; &yacute; nghĩa gi&aacute;o dục l&agrave;m chiếc cầu nối để chuyện tr&ograve; với c&aacute;c em.</p>\r\n','a39551d2-9c17-4b6a-87c3-3d8a11f41af3.jpg','6c21e654-27cf-45e0-8529-7cc199c11422.jpg',1,'2024-12-06 21:53:27.990599','2024-12-06 22:53:41.764987'),(38,'S_40','A Lô! Cậu Đấy À?',3,'Ngụ Ngôn','Trần Đức Tiến','NXB Trẻ','2024-06',300,'14.5 x 20.5 x 2.7',20,20,0,90000,45000,'<p>Trong đ&oacute;, kể những c&acirc;u chuyện rất th&uacute; vị về cụ gi&aacute;o C&oacute;c th&ocirc;ng th&aacute;i, nhạc sĩ trứ danh Dế Lửa, ch&uacute; thợ săn nhiều t&acirc;m sự Thằn Lằn, chuy&ecirc;n gia dự b&aacute;o thời tiết Tắc K&egrave;, vận động vi&ecirc;n bận bịu Nh&aacute;i Xanh, c&ocirc; n&agrave;ng điệu đ&agrave;ng Hoa C&uacute;c &Aacute;o, v&agrave; tất nhi&ecirc;n kh&ocirc;ng thể bỏ qua thi sĩ nghiệp dư l&atilde;ng mạn Dế C&ograve;m&hellip;</p>\r\n\r\n<p>C&aacute;i x&oacute;m Bờ Giậu nhỏ b&eacute; xinh đẹp kh&ocirc;ng c&oacute; t&ecirc;n tr&ecirc;n bản đồ hồi đ&oacute;, nhờ c&acirc;u chuyện của c&aacute;c nh&acirc;n vật m&agrave; nay đ&atilde; trở n&ecirc;n nổi tiếng v&agrave; trở th&agrave;nh điểm tham quan của c&aacute;c lo&agrave;i vật. V&agrave; giờ đ&acirc;y, hậu bối của cụ gi&aacute;o C&oacute;c, ch&uacute; thợ săn Thằn Lằn, chuy&ecirc;n gia dự b&aacute;o Tắc K&egrave;&hellip; l&agrave; c&aacute;c bạn C&oacute;c T&iacute;a, Thằn Lằn v&agrave; B&ocirc;ng Lau&hellip; lại trở th&agrave;nh bạn b&egrave; của nhau. C&aacute;c bạn c&oacute; những c&acirc;u chuyện vừa th&uacute; vị, vừa cảm động, vừa hiện đại, vừa phi&ecirc;u lưu hấp dẫn&hellip;, đ&atilde; được nh&agrave; văn Trần Đức Tiến tiếp tục ghi lại, th&agrave;nh tập truyện&nbsp;<strong>A l&ocirc;!... Cậu đấy &agrave;?</strong>&nbsp;c&ugrave;ng những minh họa đ&aacute;ng y&ecirc;u, sinh động của họa sĩ của họa sĩ Kim Duẩn.</p>\r\n','55ffdecc-0c2f-47fd-935a-6ceee5cb63f5.jpg','836b6842-f3ab-4169-aba3-b405151fae79.jpg',1,'2024-12-06 21:54:03.067887','2024-12-06 21:54:03.067887'),(39,'S_41','Truyện Cổ Tích Việt Nam',3,'Ngụ Ngôn','Trần Đức Tiến','NXB Kim Đồng','2024-06',300,'14.5 x 20.5 x 2.7',20,70,0,80000,45000,'<p>Quen thuộc, mộc mạc, gần gũi, đầy ph&eacute;p nhiệm m&agrave;u v&agrave; hấp dẫn tuổi thơ l&agrave; những chuyện kể ng&agrave;y xửa ng&agrave;y xưa&hellip; Bước v&agrave;o thế giới cổ t&iacute;ch lung linh k&igrave; ảo ấy, bạn sẽ được gặp những &ocirc;ng Bụt, b&agrave; ti&ecirc;n, vị thần, c&ocirc;ng ch&uacute;a, ho&agrave;ng tử, c&ocirc; Tấm, ch&agrave;ng Trương Chi, n&agrave;ng T&ocirc; Thị, Thạch Sanh, Sọ Dừa, ch&uacute; Cuội&hellip; Bạn cũng biết sự t&iacute;ch, t&ecirc;n gọi d&ograve;ng s&ocirc;ng, ngọn n&uacute;i, lo&agrave;i c&acirc;y, loại quả&hellip; v&agrave; nhiều điều th&uacute; vị kh&aacute;c nữa. Những c&acirc;u chuyện về t&igrave;nh y&ecirc;u thương từ bao đời nay vẫn sẽ được kể lại.</p>\r\n\r\n<p>Bộ s&aacute;ch n&agrave;y tập hợp hơn 100 truyện cổ d&acirc;n gian hay nhất v&agrave; gi&agrave;u &yacute; nghĩa đ&atilde; gắn b&oacute; với nhiều thế hệ độc giả.</p>\r\n','5be69b94-af37-4549-8fa1-efa9a9976bd2.jpg','35a6ba2d-c883-422d-a853-d451d8fc2e3a.jpg',1,'2024-12-06 21:54:41.718750','2024-12-06 21:54:41.718750'),(40,'S_42','Tuyển Tập Truyện Cổ Tích Việt Nam Dành Cho Thiếu Nhi',3,'Ngụ Ngôn','Hà Minh','NXB Kim Đồng','2024-06',300,'14.5 x 20.5 x 2.7',20,60,0,70000,45000,'<p>Trong kho t&agrave;ng văn học d&acirc;n gian Việt Nam, truyện cổ t&iacute;ch c&oacute; vai tr&ograve; v&ocirc; c&ugrave;ng quan trọng, phản &aacute;nh nhiều mặt về tư tưởng, th&aacute;i độ, t&igrave;nh cảm của nh&acirc;n d&acirc;n ta trong suốt chiều d&agrave;i lịch sử. Trải qua nhiều thế hệ truyền miệng trong d&acirc;n gian, truyện cổ t&iacute;ch trở n&ecirc;n gần gũi v&agrave; quen thuộc với tuỏi thơ của mỗi ch&uacute;ng ta. Những c&acirc;u chuyện m&agrave; &ocirc;ng b&agrave;, cha mẹ kể trong những năm th&aacute;ng tuổi thơ sẽ gi&uacute;p ch&uacute;ng ta lớn l&ecirc;n biết cảm nhận c&aacute;i đẹp, c&aacute;i thiện trong cuộc sống.</p>\r\n\r\n<p>Bước v&agrave;o thế giới của những c&acirc;u chuyện cổ t&iacute;ch, c&aacute;c bạn nhỏ kh&ocirc;ng chỉ thỏa m&atilde;n được nhu cầu kh&aacute;m ph&aacute;, t&igrave;m hiểu về đời sống cha &ocirc;ng từ thuở xưa m&agrave; c&ograve;n r&uacute;t ra nhiều b&agrave;i học &yacute; nghĩa về cuộc sống, t&igrave;nh y&ecirc;u thương v&agrave; l&ograve;ng nh&acirc;n &aacute;i.</p>\r\n','45f9b1f8-8e3a-488f-85de-fcc60db98309.jpg','2bc5fadd-348f-4c24-9ed3-5ebaaf8ba54e.jpg',1,'2024-12-06 21:55:17.957724','2024-12-06 21:55:17.957724'),(41,'S_43','Búp Sen Xanh',3,'Ngụ Ngôn','Hà Minh','NXB Kim Đồng','2024-06',300,'14.5 x 20.5 x 2.7',20,60,0,50000,45000,'<p>C&oacute; thể xếp &ldquo;B&uacute;p Sen Xanh&rdquo; v&agrave;o nh&oacute;m t&aacute;c phẩm văn học d&agrave;nh cho thiếu nhi v&agrave; l&agrave; t&aacute;c phẩm nổi tiếng nhất viết về chủ tịch Hồ Ch&iacute; Minh trong suốt thời thơ ấu cho đến khi rời Việt Nam sang Ph&aacute;p.</p>\r\n\r\n<p>&ldquo;B&uacute;p Sen Xanh&rdquo; l&agrave; nơi tiểu thuyết v&agrave; lịch sử đ&atilde; gặp nhau v&agrave; hoạ n&ecirc;n một giai đoạn trong cuộc đời người Cha gi&agrave; của d&acirc;n tộc Việt Nam. Nơi ấy, c&oacute; qu&ecirc; nh&agrave; xứ Nghệ, c&oacute; l&agrave;ng Sen, c&oacute; khung dệt của mẹ, c&oacute; lời dạy của cha, c&oacute; những người bạn v&agrave; những kỷ niệm ấu thơ. Nơi ấy c&oacute; xứ Huế m&agrave; trong cuộc sống ngh&egrave;o khổ c&oacute; trăn trở tuổi trẻ, về con người, về vận mệnh d&acirc;n tộc, c&oacute; mất m&aacute;t v&agrave; đau thương...</p>\r\n','fef425cd-0d28-427a-9aa6-3d298e7c100e.jpg','6612a237-a5cb-4969-92f6-61f2702f24d0.jpg',1,'2024-12-06 21:55:53.615590','2024-12-06 21:55:53.615590'),(42,'S_44','Tuổi Thơ Dữ Dội - Tập 1 (Tái Bản 2019)',3,'Ngụ Ngôn','Hà Minh','NXB Kim Đồng','2024-06',300,'14.5 x 20.5 x 2.7',20,80,0,200000,150000,'<p>&ldquo;Tuổi Thơ Dữ Dội&rdquo; l&agrave; một c&acirc;u chuyện hay, cảm động viết về tuổi thơ. S&aacute;ch d&agrave;y 404 trang m&agrave; người đọc kh&ocirc;ng bao giờ muốn ngừng lại, bị l&ocirc;i cuốn v&igrave; những nh&acirc;n vật ng&acirc;y thơ c&oacute;, kh&ocirc;n ranh c&oacute;, anh h&ugrave;ng c&oacute;, v&igrave; những sự việc khi th&igrave; ly kỳ, khi th&igrave; h&agrave;i hước, khi th&igrave; g&acirc;y x&uacute;c động đến ứa nước mắt...</p>\r\n\r\n<p>&quot;Tuổi Thơ Dữ Dội&rdquo; kh&ocirc;ng phải chỉ l&agrave; một c&acirc;u chuyện cổ t&iacute;ch, m&agrave; l&agrave; một c&acirc;u chuyện c&oacute; thật ở trần gian, ở đ&oacute;, những con người tuổi nhỏ đ&atilde; tham gia v&agrave;o cuộc kh&aacute;ng chiến chống x&acirc;m lược bảo vệ Tổ quốc với một chuỗi những chiến c&ocirc;ng đầy ắp li k&igrave; v&agrave; hấp dẫn. Đọc Tuổi Thơ Dữ Dội ch&iacute;nh l&agrave; đọc lại một phần lịch sử tuổi thơ Việt, thấm đẫm x&uacute;c động, cảm phục v&agrave; tự h&agrave;o...&quot;</p>\r\n','b447968a-f570-4ba9-9600-5df8318af240.jpg','e8bf9f90-3e79-478b-81af-d3677eba180b.jpg',1,'2024-12-06 21:56:35.506606','2024-12-06 21:56:35.506606'),(43,'S_45','Tuổi Thơ Dữ Dội - Tập 2 (Tái Bản 2019)',3,'Ngụ Ngôn','Hà Minh','NXB Quang','2024-06',300,'14.5 x 20.5 x 2.7',20,70,0,70000,NULL,'<p>&ldquo;Tuổi Thơ Dữ Dội&rdquo; l&agrave; một c&acirc;u chuyện hay, cảm động viết về tuổi thơ. S&aacute;ch d&agrave;y 404 trang m&agrave; người đọc kh&ocirc;ng bao giờ muốn ngừng lại, bị l&ocirc;i cuốn v&igrave; những nh&acirc;n vật ng&acirc;y thơ c&oacute;, kh&ocirc;n ranh c&oacute;, anh h&ugrave;ng c&oacute;, v&igrave; những sự việc khi th&igrave; ly kỳ, khi th&igrave; h&agrave;i hước, khi th&igrave; g&acirc;y x&uacute;c động đến ứa nước mắt...</p>\r\n\r\n<p>&quot;Tuổi Thơ Dữ Dội&rdquo; kh&ocirc;ng phải chỉ l&agrave; một c&acirc;u chuyện cổ t&iacute;ch, m&agrave; l&agrave; một c&acirc;u chuyện c&oacute; thật ở trần gian, ở đ&oacute;, những con người tuổi nhỏ đ&atilde; tham gia v&agrave;o cuộc kh&aacute;ng chiến chống x&acirc;m lược bảo vệ Tổ quốc với một chuỗi những chiến c&ocirc;ng đầy ắp li k&igrave; v&agrave; hấp dẫn. Đọc Tuổi Thơ Dữ Dội ch&iacute;nh l&agrave; đọc lại một phần lịch sử tuổi thơ Việt, thấm đẫm x&uacute;c động, cảm phục v&agrave; tự h&agrave;o...&quot;</p>\r\n','1ad8c690-76e6-49be-ba97-f83c38d72c3f.jpg','be32dc49-1595-40e8-acb1-e7e1565422b5.jpg',1,'2024-12-06 21:57:14.909515','2024-12-06 21:57:14.909518'),(44,'S_46','Những Truyện Hay Viết Cho Thiếu Nhi',3,'Ngụ Ngôn','Tô Hoài','NXB Trẻ','2024-06',300,'14.5 x 20.5 x 2.7',20,70,0,230000,20000,'<p>Tập truyện tuyển chọn những truyện hay viết cho thiếu nhi của nh&agrave; văn T&ocirc; Ho&agrave;i: Đ&aacute;m cưới chuột, V&otilde; sĩ Bọ Ngựa, D&ecirc; v&agrave; Lợn, Hai con ngỗng, B&agrave;n Qu&yacute; v&agrave; Ngựa Con, M&ugrave;a xu&acirc;n đ&atilde; về đấy&hellip;</p>\r\n\r\n<p>&ldquo;Bạn đọc nhỏ tuổi hay người lớn đọc đồng thoại? Những t&aacute;c phẩm viết cho lứa tuổi thơ nổi tiếng trong nước v&agrave; thế giới đ&atilde; trả lời c&acirc;u hỏi ấy. Một s&aacute;ng t&aacute;c hay cho c&aacute;c em cũng l&agrave;m cho cả người lớn thấy hay. C&aacute;c em v&agrave; người lớn đều thu nhận được ở t&aacute;c phẩm ấy những th&ocirc;ng cảm cho mỗi lứa tuổi kh&aacute;c nhau, m&agrave; người lớn kh&ocirc;ng cần phải giả l&agrave;m trẻ em mới hiểu được. Người lớn vốn đ&atilde; th&iacute;ch th&uacute; đọc rất h&agrave;o hứng những t&aacute;c phẩm tưởng tượng c&ograve;n &ldquo;hoang đường&rdquo; hơn truyện đồng thoại kia m&agrave;.&rdquo; - Nh&agrave; văn T&ocirc; Ho&agrave;i</p>\r\n','8efb4bcb-9ec0-4b1a-b36c-8bd5b67c25a8.jpg','822f51e8-e640-45ea-b215-46a68be3c9a5.jpg',1,'2024-12-06 21:57:57.724775','2024-12-06 21:57:57.724775'),(45,'S_47','Xóm Bờ Giậu',3,'Ngụ Ngôn','Trần Đức Tiến ','NXB Trẻ','2024-06',300,'14.5 x 20.5 x 2.7',20,60,0,23000,20000,'<p>X&oacute;m Bờ Giậu gần gũi th&acirc;n thuộc, mang trong m&igrave;nh h&igrave;nh b&oacute;ng của bao l&agrave;ng qu&ecirc; y&ecirc;u dấu. Đến X&oacute;m Bờ Giậu, bạn sẽ được l&agrave;m quen với những nh&acirc;n vật rất th&uacute; vị: cụ gi&aacute;o C&oacute;c th&ocirc;ng th&aacute;i về hưu, nhạc sĩ trứ danh Dế Lửa, ch&uacute; thợ săn nhiều t&acirc;m sự Thằn Lằn, c&ocirc; người mẫu đ&aacute;ng y&ecirc;u Ốc S&ecirc;n, chuy&ecirc;n gia dự b&aacute;o thời tiết Tắc K&egrave;, vận động vi&ecirc;n bận bịu Nh&aacute;i Xanh, c&ocirc; n&agrave;ng điệu đ&agrave;ng Hoa C&uacute;c &Aacute;o, thi sĩ nghiệp dư l&atilde;ng mạn Dế C&ograve;m... Nh&acirc;n vật n&agrave;o cũng dễ thương. V&agrave; nh&acirc;n vật n&agrave;o cũng sẵn s&agrave;ng kể cho bạn nghe một c&acirc;u chuyện hấp dẫn.</p>\r\n','95ca6ad4-b945-4041-8b95-78c004466dd9.jpg','c99d97ba-935a-4fc8-b101-5e0cf20e66c6.jpg',1,'2024-12-06 21:58:36.556136','2024-12-06 21:58:36.556136'),(46,'S_48','Dế Mèn Phiêu Lưu Ký',3,'Ngụ Ngôn','Trần Đức Tiến ','NXB Trẻ','2024-06',300,'14.5 x 20.5 x 2.7',20,70,0,123000,20000,'<p>Trong hơn nửa thế kỉ kể từ ng&agrave;y ra mắt bạn đọc lần đầu ti&ecirc;n năm 1941, &quot;Dế M&egrave;n phi&ecirc;u lưu k&iacute;&quot; l&agrave; một trong những s&aacute;ng t&aacute;c t&acirc;m đắc nhất của nh&agrave; văn T&ocirc; Ho&agrave;i.</p>\r\n\r\n<p>T&aacute;c phẩm đ&atilde; được t&aacute;i bản nhiều lần v&agrave; được dịch ra hơn 20 thứ tiếng tr&ecirc;n thế giới v&agrave; lu&ocirc;n được c&aacute;c thế hệ độc giả nhỏ tuổi đ&oacute;n nhận.</p>\r\n\r\n<p>T&aacute;c phẩm đ&atilde; được xuất bản với nhiều h&igrave;nh thức kh&aacute;c nhau.</p>\r\n\r\n<p>Trong đ&oacute; cuốn &quot;Dế M&egrave;n phi&ecirc;u lưu k&iacute;&quot; gồm 148 trang, tr&ecirc;n khổ giấy 18x25 cm với nhiều minh hoạ sinh động của hoạ sĩ Tạ Huy Long - một hoạ sĩ chuy&ecirc;n vẽ cho s&aacute;ch thiếu nhi.</p>\r\n','e5af3654-b990-4b6d-a1e8-34c32c3caeee.jpg','f09071ab-ac05-44c8-85f0-25cc1048dc3a.jpg',1,'2024-12-06 21:59:15.137729','2024-12-06 21:59:15.137729'),(47,'S_49','Hachiko - Chú Chó Đợi Chờ',3,'Ngụ Ngôn','Luis Prats , Zuzanna Celej','NXB Trẻ','2024-06',300,'14.5 x 20.5 x 2.7',20,20,0,60000,20000,'<p>Hachiko l&agrave; một ch&uacute; ch&oacute; c&oacute; thật từng sống ở Tokyo, được gia đ&igrave;nh gi&aacute;o sư Eisaburo Ueno nhận nu&ocirc;i. H&agrave;ng ng&agrave;y v&agrave;o buổi s&aacute;ng Hachiko tiễn gi&aacute;o sư đến nh&agrave; ga Shibuya để &ocirc;ng l&ecirc;n t&agrave;u đi l&agrave;m. Buổi chiều, v&agrave;o l&uacute;c 3 giờ, Hachiko lại ra nh&agrave; ga đợi gi&aacute;o sư về. Nhưng kh&ocirc;ng may, một ng&agrave;y nọ gi&aacute;o sư Ueno đ&atilde; qua đời sau một cơn đột quỵ v&agrave; m&atilde;i m&atilde;i kh&ocirc;ng thể trở về được nữa. C&ograve;n Hachiko suốt trong 10 năm sau đ&oacute;, v&agrave;o l&uacute;c 3 giờ chiều lại đều đặn đến nh&agrave; ga để chờ đ&oacute;n chủ nh&acirc;n.</p>\r\n\r\n<p>Hachiko đ&atilde; trở th&agrave;nh biểu tượng về l&ograve;ng trung th&agrave;nh. Tượng của ch&uacute; được đặt trang trọng tại nh&agrave; ga Shibuya.</p>\r\n\r\n<p>C&acirc;u chuyện về Hachiko được kể lại với lời văn s&acirc;u lắng của nh&agrave; văn Luis Prats c&ugrave;ng h&igrave;nh minh họa m&agrave;u nước ấn tượng của Zuzanna Celej sẽ l&agrave;m lay động tr&aacute;i tim v&agrave; truyền cảm hứng cho bạn theo c&aacute;ch m&agrave; Hachiko đ&atilde; l&agrave;m rung động h&agrave;ng triệu con tim tr&ecirc;n thế giới.</p>\r\n','5d28cc1e-0046-48a1-aed1-f94a6976190f.jpg','5a579229-9ac6-4f8d-86f0-59412dba8292.jpg',1,'2024-12-06 22:00:00.242685','2024-12-06 22:00:00.242685'),(48,'S_50','Phù Thủy Xứ Oz',3,'Ngụ Ngôn','L Frank Baum','NXB Trẻ','2024-06',300,'14.5 x 20.5 x 2.7',20,80,0,2000000,200000,'<p>Dorothy l&agrave; c&ocirc; b&eacute; mồ c&ocirc;i sống c&ugrave;ng ch&uacute; th&iacute;m trong trang trại nhỏ nằm giữa v&ugrave;ng thảo nguy&ecirc;n Kansas bao la.</p>\r\n\r\n<p>Ng&agrave;y nọ, một cơn lốc xo&aacute;y bất ngờ xuất hiện, cuốn bay căn nh&agrave; c&oacute; Dorothy v&agrave; ch&uacute; ch&oacute; nhỏ Toto b&ecirc;n trong, đưa họ đến với miền đất xanh tươi c&oacute; t&ecirc;n gọi xứ Oz. Dorothy gặp những người Munchkin v&agrave; được họ cho biết, muốn trở về nh&agrave;, em h&atilde;y đi theo con đường Gạch V&agrave;ng đến th&agrave;nh phố Ngọc Lục Bảo nhờ Ph&aacute;p Sư Oz Quyền Năng gi&uacute;p đỡ.</p>\r\n\r\n<p>Tr&ecirc;n đường đi, Dorothy kết bạn với B&ugrave; Nh&igrave;n, Người Thiếc, Sư Tử Nh&aacute;t Gan. Mỗi người đều mang trong m&igrave;nh một kh&aacute;t khao ch&aacute;y bỏng v&agrave; sẵn l&ograve;ng vượt mọi ch&ocirc;ng gai để đạt được nguyện ước.</p>\r\n\r\n<p>Từ đ&acirc;y bắt đầu h&agrave;nh tr&igrave;nh gian nan nhưng cũng đầy kỳ th&uacute; của Dorothy, Toto v&agrave; c&aacute;c bạn, c&ugrave;ng nhau vượt qua đồng hoa chết ch&oacute;c, chiến thắng qu&aacute;i th&uacute; hung bạo, ti&ecirc;u diệt Ph&ugrave; Thủy Độc &Aacute;c, đối mặt với Ph&aacute;p Sư Oz h&ugrave;ng mạnh để chạm tới ước mơ&hellip;</p>\r\n','5f7dfaa7-51c2-400f-a074-8c971deb76b8.jpg','913d6ac2-8858-414f-b322-10d394dc8c64.jpg',1,'2024-12-06 22:00:43.458267','2024-12-06 22:00:43.458267'),(49,'S_51','Truyện Đồng Thoại Tô Hoài',3,'Ngụ Ngôn','Tô Hoài, Vũ Xuân Hoàn','NXB Trẻ','2024-06',300,'14.5 x 20.5 x 2.7',20,50,0,50000,20000,'<p>Nh&agrave; thơ Nga Mai-a-cốp-xki đ&atilde; từng n&oacute;i về nghề viết như sau: &ldquo;Để c&oacute; một chữ, cần c&oacute; cả tấn quặng chữ&rdquo;. Để học giỏi văn v&agrave; viết được văn, em cần phải đọc nhiều, ghi nhiều, nhớ nhiều, nhằm học lấy c&aacute;ch nh&igrave;n, c&aacute;ch nghĩ v&agrave; c&aacute;ch viết của người kh&aacute;c m&agrave; r&egrave;n luyện c&aacute;ch nh&igrave;n, c&aacute;ch nghĩ v&agrave; c&aacute;ch viết cho ch&iacute;nh m&igrave;nh.</p>\r\n\r\n<p>Những cuốn s&aacute;ch trong bộ &ldquo;Gi&uacute;p em học giởi Văn&rdquo; l&agrave; mỏ quặng chữ Nh&agrave; xuất bản Kim Đồng muốn gửi tặng c&aacute;c em. Hi vọng c&aacute;c em sẽ học giỏi tiếng Việt, sẽ viết n&ecirc;n những c&acirc;u văn hay của ri&ecirc;ng m&igrave;nh!</p>\r\n\r\n<p>&ldquo;Kh&ocirc;ng phải chỉ c&oacute; c&aacute;c em nhỏ mới coi l&agrave; tự nhi&ecirc;n việc c&aacute;i ghế biết n&oacute;i, con b&ecirc; đ&aacute;nh bạn với người, m&agrave; với người đọc, người xem n&oacute;i chung, khi nghệ thuật đ&atilde; đạt tới tr&igrave;nh độ khắc họa được nội dung v&agrave; t&acirc;m trạng th&igrave; c&aacute;i ghế cười khanh kh&aacute;ch, con m&egrave;o thủ thỉ tr&ograve; chuyện, &ocirc;ng trăng biết n&oacute;i cũng gợi nhiều điều nghĩ ngợi đ&uacute;ng đắn s&acirc;u xa cho bất cứ ai.&rdquo; - Nh&agrave; văn T&Ocirc; HO&Agrave;I</p>\r\n','b35001b1-7f4e-4ab1-a419-752e0caa3a46.jpg','f3781faa-7364-460b-bb5c-1f000be7aa98.jpg',1,'2024-12-06 22:01:28.989149','2024-12-06 22:01:28.989149'),(50,'S_52','Tsunagu Nihongo - Tiếng Nhật Kết Nối - Sơ Cấp 2',11,'Ngoại Ngữ','Tsuji Kazuko','NXB Trẻ','2024-04',200,'14.5 x 20.5 x 2.7',20,20,0,250000,120000,'<p>Gi&aacute;o tr&igrave;nh được bi&ecirc;n soạn nhằm gi&uacute;p người học giao tiếp bằng tiếng Nhật tốt hơn trong c&aacute;c hoạt động x&atilde; hội. C&aacute;c t&igrave;nh huống học tập trong gi&aacute;o tr&igrave;nh l&agrave; những t&igrave;nh huống thường được sử dụng để giao tiếp tr&ecirc;n thực tế, được lựa chọn từ c&aacute;c lĩnh vực trong đời sống sinh hoạt, trường học v&agrave; x&atilde; hội.</p>\r\n\r\n<p>C&aacute;ch học được tổ chức theo h&igrave;nh thức đặc biệt ưu ti&ecirc;n việc &quot;Giao tiếp&quot; hơn l&agrave; &quot;Hiểu&quot; từ vựng v&agrave; ngữ ph&aacute;p.</p>\r\n\r\n<p>[Hội thoại t&igrave;nh huống -&gt; X&aacute;c nhận mẫu c&acirc;u -&gt; Luyện tập mẫu c&acirc;u -&gt; Hội thoại ứng dụng]</p>\r\n\r\n<p>Gi&aacute;o tr&igrave;nh bao gồm 2 s&aacute;ch gi&aacute;o khoa sơ cấp 1, 2, hai quyển Work book sơ cấp 1,2 v&agrave; 1 quyển Bản dịch v&agrave; giải th&iacute;ch ngữ ph&aacute;p.</p>\r\n','341f4987-f843-4bc3-98de-a2147096d66d.jpg','14a8e2ba-9996-4f9b-9b48-ec71eb10ec62.jpg',1,'2024-12-06 22:19:46.891655','2024-12-06 22:19:46.891656'),(51,'S_53','Tsunagu Nihongo - Tiếng Nhật Kết Nối - Sơ Cấp 1',11,'Ngoại Ngữ','Tsuji Kazuko','NXB Trẻ','2024-04',200,'14.5 x 20.5 x 2.7',20,10,0,80000,NULL,'<p>Gi&aacute;o tr&igrave;nh được bi&ecirc;n soạn nhằm gi&uacute;p người học giao tiếp bằng tiếng Nhật tốt hơn trong c&aacute;c hoạt động x&atilde; hội. C&aacute;c t&igrave;nh huống học tập trong gi&aacute;o tr&igrave;nh l&agrave; những t&igrave;nh huống thường được sử dụng để giao tiếp tr&ecirc;n thực tế, được lựa chọn từ c&aacute;c lĩnh vực trong đời sống sinh hoạt, trường học v&agrave; x&atilde; hội.<br />\r\nC&aacute;ch học được tổ chức theo h&igrave;nh thức đặc biệt ưu ti&ecirc;n việc &quot;Giao tiếp&quot; hơn l&agrave; &quot;Hiểu&quot; từ vựng v&agrave; ngữ ph&aacute;p.<br />\r\n[Hội thoại t&igrave;nh huống -&gt; X&aacute;c nhận mẫu c&acirc;u -&gt; Luyện tập mẫu c&acirc;u -&gt; Hội thoại ứng dụng]<br />\r\nGi&aacute;o tr&igrave;nh bao gồm 2 s&aacute;ch gi&aacute;o khoa sơ cấp 1, 2, hai quyển Work book sơ cấp 1,2 v&agrave; 1 quyển Bản dịch v&agrave; giải th&iacute;ch ngữ ph&aacute;p.</p>\r\n','29217273-a41f-431d-bfdc-26fc62e0e885.jpg','0c296418-ca22-42f5-b40f-b9fbcd932359.jpg',1,'2024-12-06 22:20:27.025171','2024-12-06 22:20:27.025171'),(52,'S_54','Thực Hành Dịch Thương Mại Việt - Anh',11,'Ngoại Ngữ','Tô Hà Thanh Phương  ','NXB Trẻ','2024-04',200,'14.5 x 20.5 x 2.7',20,20,0,120000,NULL,'<p>Thực h&agrave;nh dịch thương mại Việt &ndash; Anh l&agrave; cuốn s&aacute;ch gi&uacute;p người học tự tin hơn khi dịch c&aacute;c văn bản thương mại thường gặp nhưng kh&ocirc;ng dễ chuyển ngữ khi người dịch chưa quen với cấu tr&uacute;c văn bản v&agrave; c&aacute;c từ ngữ thường d&ugrave;ng. Bằng việc giới thiệu c&aacute;c nguy&ecirc;n tắc khi dịch, hướng dẫn từng bước thực h&agrave;nh dịch c&aacute;c loại văn bản thương mại, cung cấp nhiều từ v&agrave; cụm từ chuy&ecirc;n ng&agrave;nh c&ugrave;ng c&aacute;c b&agrave;i tập luyện dịch được lấy từ văn bản thực tế, Thực h&agrave;nh dịch thương mại Việt &ndash; Anh sẽ gi&uacute;p bạn giảm bớt &ldquo;g&aacute;nh nặng&rdquo; khi dịch c&aacute;c văn bản thương mại, d&ugrave; đ&oacute; l&agrave; những văn bản ngắn gọn như email c&ocirc;ng việc, bi&ecirc;n bản cuộc họp, hay phức tạp hơn như th&ocirc;ng c&aacute;o b&aacute;o ch&iacute;, hợp đồng mua b&aacute;n.<br />\r\nCuốn s&aacute;ch đặc biệt hữu &iacute;ch với nh&acirc;n vi&ecirc;n văn ph&ograve;ng của c&aacute;c c&ocirc;ng ti c&oacute; yếu tố nước ngo&agrave;i (vốn đầu tư nước ngo&agrave;i, đối t&aacute;c, kh&aacute;ch h&agrave;ng người nước ngo&agrave;i), sinh vi&ecirc;n chuy&ecirc;n ng&agrave;nh tiếng Anh thương mại v&agrave; chuy&ecirc;n ng&agrave;nh bi&ecirc;n &ndash; phi&ecirc;n dịch.<br />\r\nS&aacute;ch gồm 3 phần, trong đ&oacute; Phần 2 l&agrave; nội dung trọng t&acirc;m được chia th&agrave;nh 13 chương. Mỗi chương tập trung v&agrave;o một loại văn bản thương mại v&agrave; được triển khai theo 4 bước: khởi động, thực h&agrave;nh dịch, đối chiếu bản dịch với phương &aacute;n dịch tham khảo, v&agrave; &ocirc;n tập từ vựng c&ugrave;ng c&aacute;c c&aacute;ch diễn đạt cần ghi nhớ trong chương.</p>\r\n','56627011-a046-49d2-bdfe-a4a121047638.jpg','55e54d94-4f49-409a-a7df-52dec2086bc5.jpg',1,'2024-12-06 22:21:07.493117','2024-12-06 22:21:07.493117'),(53,'S_55','Thuật Ngữ Tiếng Anh Chuyên Ngành Y Khoa Cho Người Mới Bắt Đầu',11,'Ngoại Ngữ','Hà Minh','NXB Trẻ','2024-02',600,'14.5 x 20.5 x 2.7',500,80,0,120000,100000,'<p>Những năm vừa qua, nền y học nước nh&agrave; đ&atilde; c&oacute; bước ph&aacute;t triển kh&ocirc;ng ngừng nhờ tiếp thu nền y học ti&ecirc;n tiến từ c&aacute;c quốc gia ph&aacute;t triển. Để l&agrave;m được như vậy, nh&acirc;n vi&ecirc;n y tế đ&atilde; phải tiếp cận v&agrave; sử dụng t&agrave;i liệu ngoại văn từ rất sớm. Tuy nhi&ecirc;n, việc tiếp cận s&aacute;ch ngoại văn chuy&ecirc;n ng&agrave;nh y khoa l&agrave; kh&ocirc;ng dễ v&agrave; ch&uacute;ng ta lại thiếu một c&ocirc;ng cụ hướng dẫn tự học được viết bằng tiếng Việt.</p>\r\n\r\n<p>S&aacute;ch&nbsp;<em>Thuật ngữ tiếng Anh chuy&ecirc;n ng&agrave;nh Y khoa - Cho người mới bắt đầu&nbsp;</em>cung cấp kiến thức cơ bản nhất cho đối tượng sinh vi&ecirc;n c&aacute;c ng&agrave;nh y v&agrave; dược để c&oacute; thể tự học tiếng Anh chuy&ecirc;n ng&agrave;nh.</p>\r\n\r\n<p>S&aacute;ch được chia th&agrave;nh hai phần. Phần 1 - THUẬT NGỮ Y KHOA CƠ BẢN giới thiệu cấu tạo của thuật ngữ y khoa v&agrave; hướng dẫn phương ph&aacute;p học thuật ngữ; Phần 2 - THUẬT NGỮ Y KHOA HỆ CƠ QUAN giới thiệu c&aacute;c thuật ngữ y khoa theo từng hệ cơ quan.</p>\r\n\r\n<p>Trong cuốn s&aacute;ch n&agrave;y, c&aacute;c bạn cũng được giới thiệu h&igrave;nh thức phi&ecirc;n &acirc;m theo kiểu Respelling dựa tr&ecirc;n từ điển điện tử http://dictionary.com. Đ&acirc;y l&agrave; c&aacute;ch phi&ecirc;n &acirc;m rất dễ tiếp cận với độc giả kh&ocirc;ng chuy&ecirc;n tiếng Anh.</p>\r\n\r\n<p>Cuốn s&aacute;ch được ho&agrave;n th&agrave;nh trong nỗ lực nhằm đưa đến người đọc một t&agrave;i liệu để c&oacute; thể tự học thuật ngữ y khoa tiếng Anh m&agrave; kh&ocirc;ng cần c&oacute; người hướng dẫn. Tuy vậy, với kinh nghiệm c&ograve;n non trẻ chắc chắn kh&ocirc;ng thể tr&aacute;nh được những thiếu s&oacute;t. T&aacute;c giả hy vọng qu&yacute; bạn đọc tiếp nhận v&agrave; phản hồi để gi&uacute;p t&aacute;c giả ho&agrave;n thiện hơn về nội dung s&aacute;ch.</p>\r\n','bc12f3b7-97ca-4634-95f6-31e2d46242fe.jpg','2b7e3d3a-d946-4fda-b3a1-e38254b7162f.jpg',1,'2024-12-06 00:00:00.000000','2024-12-06 22:22:12.814268'),(54,'S_56','Mind Map Ngữ Pháp Tiếng Anh Cho Học Sinh Tiểu Học',11,'Ngoại Ngữ','Agatha Christie','NXB Trẻ','2024-07',600,'14.5 x 20.5 x 2.7',20,90,0,90000,NULL,'<p>Gồm 17 chủ đề tương ứng với 17 cấu tr&uacute;c ngữ ph&aacute;p. Trong đ&oacute;, mỗi chủ đề được chia th&agrave;nh 2 phần</p>\r\n\r\n<p>- Phần 1: L&yacute; thuyết được tr&igrave;nh b&agrave;y dưới dạng sơ đồ tư duy, h&igrave;nh ảnh sinh động.</p>\r\n\r\n<p>- Phần 2: B&agrave;i tập thực h&agrave;nh.</p>\r\n\r\n<p>- Cuối s&aacute;ch c&oacute; đ&aacute;p &aacute;n để tự kiểm tra kết quả của c&aacute;c b&agrave;i tập thực h&agrave;nh.</p>\r\n\r\n<p>Điểm đặc biệt của cuốn s&aacute;ch:</p>\r\n\r\n<p>- Đầy đủ kiến thức ngữ ph&aacute;p, b&aacute;m s&aacute;t nội dung s&aacute;ch gi&aacute;o khoa tiếng Anh tiểu học.</p>\r\n\r\n<p>- Kiến thức được tr&igrave;nh b&agrave;y dưới dạng sơ đồ tư duy, h&igrave;nh ảnh sinh động gi&uacute;p c&aacute;c em h&agrave;o hứng học tập.</p>\r\n\r\n<p>- B&agrave;i tập &ocirc;n luyện gi&uacute;p c&aacute;c em &ocirc;n tập v&agrave; hiểu r&otilde; hơn từng cấu tr&uacute;c ngữ ph&aacute;p.</p>\r\n','19b95cb3-1ae9-4180-9a77-c6ffb42d8940.jpg','de40843a-e854-42f0-bda3-2a67648ed44b.jpg',1,'2024-12-06 22:23:06.106223','2024-12-06 22:23:06.106223'),(55,'S_57','SAPIENS BẰNG TRANH TẬP 2 - Những trụ cột của nền văn minh (Tái bản 2024)',9,'Giáo Khoa','Yuval Noah Harari  ','NXB Trẻ','2024-04',300,'14.5 x 20.5 x 2.7',20,20,0,120000,100000,'<p>Bộ truyện tranh n&agrave;y được chuyển thể từ cuốn s&aacute;ch best-seller &ldquo;Sapiens: Lược sử lo&agrave;i người&rdquo; của t&aacute;c giả nổi tiếng Yuval Harari.</p>\r\n\r\n<p>Harari đ&atilde; hợp t&aacute;c với c&aacute;c nghệ sĩ truyện tranh nổi tiếng David Vandermeulen (đồng s&aacute;ng t&aacute;c) v&agrave; Daniel Casanave (họa sĩ minh họa), để tạo ra một loạt tập truyện đồ họa nhằm thu h&uacute;t những độc giả kh&ocirc;ng thường xuy&ecirc;n của mảng khoa học v&agrave; lịch sử.</p>\r\n\r\n<p>Tập s&aacute;ch bao gồm nhiều h&igrave;nh ảnh minh họa đầy đủ m&agrave;u sắc v&agrave; văn bản dễ hiểu sẽ l&agrave;m nội dung của t&aacute;c phẩm trở n&ecirc;n hấp dẫn hơn d&agrave;nh cho độc giả mọi lứa tuổi. Dự kiến sẽ c&oacute; 4 tập dựa tr&ecirc;n 4 phần ch&iacute;nh của t&aacute;c phẩm gốc, v&agrave; tập đầu ti&ecirc;n đ&atilde; được ph&aacute;t h&agrave;nh tr&ecirc;n thế giới v&agrave;o cuối th&aacute;ng 10/2020 v&agrave; tại Việt Nam v&agrave;o th&aacute;ng 4/2021.</p>\r\n','9eaeffa4-6f83-472c-b513-743c05eef25c.jpg','6c28bf00-b965-4256-a5b6-255955ed775a.jpg',1,'2024-12-06 22:24:31.863225','2024-12-06 22:24:31.863225'),(56,'S_58','Từ Điển Steam Song Ngữ - Kĩ Thuật',9,'Giáo Khoa','Hà Minh','NXB Trẻ','2024-04',200,'14.5 x 20.5 x 2.7',20,70,0,100000,60000,'<p>&nbsp;Ch&igrave;a kh&oacute;a để th&agrave;nh c&ocirc;ng trong bất k&igrave; m&ocirc;n học n&agrave;o l&agrave; hiểu r&otilde; c&aacute;c thuật ngữ được sử dụng. Bộ s&aacute;ch&nbsp;<strong><em>Từ Điển STEAM Song Ngữ</em></strong>&nbsp;giải th&iacute;ch c&aacute;c từ vựng ch&iacute;nh thường được sử dụng trong c&aacute;c lĩnh vực khoa học, c&ocirc;ng nghệ, kĩ thuật, to&aacute;n học v&agrave; nghệ thuật. Với ch&uacute; giải r&otilde; r&agrave;ng, ngắn gọn v&agrave; đơn giản, đi k&egrave;m với h&igrave;nh ảnh hoặc minh họa trực quan,&nbsp;<strong><em>Từ Điển STEAM Song Ngữ</em></strong>&nbsp;gi&uacute;p ghi nhớ c&aacute;c từ vựng, thuật ngữ khoa học dễ d&agrave;ng v&agrave; s&acirc;u sắc hơn.</p>\r\n\r\n<p><strong>T&igrave;m đọc trọn bộ Từ Điển STEAM Song Ngữ (5 cuốn):</strong></p>\r\n\r\n<p>- Từ Điển STEAM Song Ngữ - Khoa Học</p>\r\n\r\n<p>- Từ Điển STEAM Song Ngữ - C&ocirc;ng Nghệ</p>\r\n\r\n<p>- Từ Điển STEAM Song Ngữ - Kĩ Thuật</p>\r\n\r\n<p>- Từ Điển STEAM Song Ngữ - Nghệ Thuật</p>\r\n\r\n<p>- Từ Điển STEAM Song Ngữ - To&aacute;n Học</p>\r\n','435eb1ad-ffe7-4b4b-944b-b328031640bd.jpg','dbad9b3e-6d9e-45a8-8a4b-dc9d4e6358af.jpg',1,'2024-12-06 22:25:21.558710','2024-12-06 22:25:21.558710'),(57,'S_59','Từ Điển Steam Song Ngữ - Nghệ Thuật',9,'Giáo Khoa','Hà Minh','NXB Trẻ','2024-04',200,'14.5 x 20.5 x 2.7',20,20,0,60000,40000,'<p>Ch&igrave;a kh&oacute;a để th&agrave;nh c&ocirc;ng trong bất k&igrave; m&ocirc;n học n&agrave;o l&agrave; hiểu r&otilde; c&aacute;c thuật ngữ được sử dụng. Bộ s&aacute;ch&nbsp;<strong><em>Từ Điển STEAM Song Ngữ</em></strong>&nbsp;giải th&iacute;ch c&aacute;c từ vựng ch&iacute;nh thường được sử dụng trong c&aacute;c lĩnh vực khoa học, c&ocirc;ng nghệ, kĩ thuật, to&aacute;n học v&agrave; nghệ thuật. Với ch&uacute; giải r&otilde; r&agrave;ng, ngắn gọn v&agrave; đơn giản, đi k&egrave;m với h&igrave;nh ảnh hoặc minh họa trực quan,&nbsp;<strong><em>Từ Điển STEAM Song Ngữ</em></strong>&nbsp;gi&uacute;p ghi nhớ c&aacute;c từ vựng, thuật ngữ khoa học dễ d&agrave;ng v&agrave; s&acirc;u sắc hơn.</p>\r\n\r\n<p><strong>T&igrave;m đọc trọn bộ Từ Điển STEAM Song Ngữ (5 cuốn):</strong></p>\r\n\r\n<p>- Từ Điển STEAM Song Ngữ - Khoa Học</p>\r\n\r\n<p>- Từ Điển STEAM Song Ngữ - C&ocirc;ng Nghệ</p>\r\n\r\n<p>- Từ Điển STEAM Song Ngữ - Kĩ Thuật</p>\r\n\r\n<p>- Từ Điển STEAM Song Ngữ - Nghệ Thuật</p>\r\n\r\n<p>- Từ Điển STEAM Song Ngữ - To&aacute;n Học</p>\r\n','86e5d281-8f42-4310-b23c-d22c1f42fd9a.jpg','d63859cf-fea6-49c1-8c1d-3a44d84b51d9.jpg',1,'2024-12-06 22:26:03.177924','2024-12-06 22:26:03.177924'),(58,'S_60','Từ Điển Steam Song Ngữ - Công Nghệ',9,'Giáo Khoa','Hà Minh','NXB Trẻ','2024-04',200,'14.5 x 20.5 x 2.7',20,60,0,20000,NULL,'<p>Ch&igrave;a kh&oacute;a để th&agrave;nh c&ocirc;ng trong bất k&igrave; m&ocirc;n học n&agrave;o l&agrave; hiểu r&otilde; c&aacute;c thuật ngữ được sử dụng. Bộ s&aacute;ch&nbsp;<strong><em>Từ Điển STEAM Song Ngữ</em></strong>&nbsp;giải th&iacute;ch c&aacute;c từ vựng ch&iacute;nh thường được sử dụng trong c&aacute;c lĩnh vực khoa học, c&ocirc;ng nghệ, kĩ thuật, to&aacute;n học v&agrave; nghệ thuật. Với ch&uacute; giải r&otilde; r&agrave;ng, ngắn gọn v&agrave; đơn giản, đi k&egrave;m với h&igrave;nh ảnh hoặc minh họa trực quan,&nbsp;<strong><em>Từ Điển STEAM Song Ngữ</em></strong>&nbsp;gi&uacute;p ghi nhớ c&aacute;c từ vựng, thuật ngữ khoa học dễ d&agrave;ng v&agrave; s&acirc;u sắc hơn.</p>\r\n\r\n<p><strong>T&igrave;m đọc trọn bộ Từ Điển STEAM Song Ngữ (5 cuốn):</strong></p>\r\n\r\n<p>- Từ Điển STEAM Song Ngữ - Khoa Học</p>\r\n\r\n<p>- Từ Điển STEAM Song Ngữ - C&ocirc;ng Nghệ</p>\r\n\r\n<p>- Từ Điển STEAM Song Ngữ - Kĩ Thuật</p>\r\n\r\n<p>- Từ Điển STEAM Song Ngữ - Nghệ Thuật</p>\r\n\r\n<p>- Từ Điển STEAM Song Ngữ - To&aacute;n Học</p>\r\n','88097ad3-2d0d-44a0-9494-97a4d0b22962.jpg','566c85db-90aa-4341-9d3e-ea36fb7e01ad.jpg',1,'2024-12-06 22:26:43.107864','2024-12-06 22:26:43.107864'),(59,'S_61','Từ Điển Steam Song Ngữ - Khoa Học',9,'Giáo Khoa','Hà Minh','NXB Trẻ','2024-03',300,'14.5 x 20.5 x 2.7',20,20,0,80000,30000,'<p>Ch&igrave;a kh&oacute;a để th&agrave;nh c&ocirc;ng trong bất k&igrave; m&ocirc;n học n&agrave;o l&agrave; hiểu r&otilde; c&aacute;c thuật ngữ được sử dụng. Bộ s&aacute;ch&nbsp;<strong><em>Từ Điển STEAM Song Ngữ</em></strong>&nbsp;giải th&iacute;ch c&aacute;c từ vựng ch&iacute;nh thường được sử dụng trong c&aacute;c lĩnh vực khoa học, c&ocirc;ng nghệ, kĩ thuật, to&aacute;n học v&agrave; nghệ thuật. Với ch&uacute; giải r&otilde; r&agrave;ng, ngắn gọn v&agrave; đơn giản, đi k&egrave;m với h&igrave;nh ảnh hoặc minh họa trực quan,&nbsp;<strong><em>Từ Điển STEAM Song Ngữ</em></strong>&nbsp;gi&uacute;p ghi nhớ c&aacute;c từ vựng, thuật ngữ khoa học dễ d&agrave;ng v&agrave; s&acirc;u sắc hơn.</p>\r\n\r\n<p><strong>T&igrave;m đọc trọn bộ Từ Điển STEAM Song Ngữ (5 cuốn):</strong></p>\r\n\r\n<p>- Từ Điển STEAM Song Ngữ - Khoa Học</p>\r\n\r\n<p>- Từ Điển STEAM Song Ngữ - C&ocirc;ng Nghệ</p>\r\n\r\n<p>- Từ Điển STEAM Song Ngữ - Kĩ Thuật</p>\r\n\r\n<p>- Từ Điển STEAM Song Ngữ - Nghệ Thuật</p>\r\n\r\n<p>- Từ Điển STEAM Song Ngữ - To&aacute;n Học</p>\r\n','15eab771-8c62-41cf-b3a6-3aef74ba6860.jpg','a5793469-c5e9-4a78-b6f3-e0a6f1d28ce0.jpg',1,'2024-12-06 22:27:35.999723','2024-12-06 22:27:35.999723'),(60,'S_62','48 Nguyên Tắc Chủ Chốt Của Quyền Lực',5,'Kinh Tế','Hà Minh','NXB Trẻ','2024-03',300,'14.5 x 20.5 x 2.7',20,30,0,50000,30000,'<p>Quyền lực c&oacute; sức hấp dẫn v&ocirc; c&ugrave;ng mạnh mẽ đối với con người trong mọi thời, ở mọi nơi, với mọi giai tầng. Lịch sử x&eacute;t cho c&ugrave;ng l&agrave; cuộc đấu tranh triền mi&ecirc;n để gi&agrave;nh cho bằng được quyền lực cai trị của c&aacute;c tập đo&agrave;n thống trị, từ cổ ch&iacute; kim, từ đ&ocirc;ng sang t&acirc;y.</p>\r\n\r\n<p>Quyền lực l&agrave; thứ m&agrave; rất nhiều người mong muốn nhưng kh&ocirc;ng phải ai cũng dễ d&agrave;ng đạt được. Vươn l&ecirc;n những vị tr&iacute; cao hơn trong thang bậc x&atilde; hội thường được xem l&agrave; một kh&aacute;t khao rất con người. Nhưng, liệu c&oacute; phải chỉ những t&agrave;i năng xuất ch&uacute;ng mới c&oacute; thể đạt được điều đ&oacute;? Kh&ocirc;ng hẳn vậy. Bởi &iacute;t ai biết rằng, để gi&agrave;nh được một vị tr&iacute; quyền lực thực tế vẫn mang t&iacute;nh c&ocirc;ng thức.</p>\r\n','b3fcaec2-fa8f-45d5-a214-7a879188ce1c.jpg','6d147fe5-6b5f-4272-b877-6275eec690ac.jpg',1,'2024-12-06 22:28:45.642874','2024-12-06 22:28:45.642874'),(61,'S_63','Kế Toán Vỉa Hè - Thực Hành Báo Cáo Tài Chính Căn Bản Từ Quầy Bán Nước Chanh',5,'Kinh Tế','Hà Minh','NXB Trẻ','2024-03',300,'14.5 x 20.5 x 2.7',20,60,0,50000,NULL,'<p>Đ&atilde; bao lần bạn cầm tr&ecirc;n tay bảng b&aacute;o c&aacute;o t&agrave;i ch&iacute;nh doanh nghiệp của m&igrave;nh, nhưng chẳng thể n&agrave;o hiểu nổi?</p>\r\n\r\n<p>Kế to&aacute;n v&agrave; t&agrave;i ch&iacute;nh l&agrave; nỗi đau chung của rất nhiều doanh nghiệp nhỏ. Ng&ocirc;n ngữ t&agrave;i ch&iacute;nh dường như l&agrave; điều b&iacute; ẩn nhất của thế giới. V&ocirc; số t&iacute;nh to&aacute;n v&agrave; &yacute; đồ được c&agrave;i cắm sau c&aacute;c con số, m&agrave; thậm ch&iacute; người kinh doanh nhiều năm cũng kh&ocirc;ng thể n&agrave;o b&oacute;c t&aacute;ch nổi.</p>\r\n\r\n<p>Nếu bạn vẫn cảm thấy m&ugrave; mờ với bảng b&aacute;o c&aacute;o t&agrave;i ch&iacute;nh của m&igrave;nh th&igrave; thật l&agrave; đ&aacute;ng tiếc. T&agrave;i ch&iacute;nh được xem như l&agrave; ng&ocirc;n ngữ của kinh doanh. Bảng kế to&aacute;n sẽ cho bạn biết được doanh nghiệp của m&igrave;nh lời hay lỗ, trả lời c&acirc;u hỏi v&igrave; sao tr&ocirc;ng bạn c&oacute; vẻ đang ăn n&ecirc;n l&agrave;m ra, nhưng k&eacute;t sắt c&ocirc;ng ty kh&ocirc;ng c&oacute; lấy một đồng.</p>\r\n','d111b187-53d1-4a39-96fc-82d17db2ed78.jpg','9bb53721-1085-43d7-b0f4-c9a08362b09c.jpg',1,'2024-12-06 22:29:26.398882','2024-12-06 22:29:26.398882'),(62,'S_64','Biến Mọi Thứ Thành Tiền',5,'Kinh Tế','Hà Minh','NXB Trẻ','2024-03',300,'14.5 x 20.5 x 2.7',20,18,0,30000,NULL,'<p>B&iacute; quyết gi&uacute;p bạn tho&aacute;t ngh&egrave;o để đạt được th&agrave;nh c&ocirc;ng v&agrave; gi&agrave;u c&oacute; thực sự &ldquo;Biến mọi thứ th&agrave;nh tiền&rdquo; l&agrave; cuốn s&aacute;ch xoay quanh chủ đề t&agrave;i ch&iacute;nh c&aacute; nh&acirc;n. Đ&acirc;y l&agrave; vấn đề đang được nhiều người, trong đ&oacute; c&oacute; c&aacute;c bạn trẻ đặc biệt quan t&acirc;m. Cuốn s&aacute;ch định hướng người đọc về c&aacute;ch kiếm tiền, tư duy l&agrave;m gi&agrave;u, c&aacute;ch &aacute;p dụng những phương ph&aacute;p l&agrave;m gi&agrave;u v&agrave;o cuộc sống v&agrave; ph&aacute;t triển bản th&acirc;n. B&iacute; quyết gi&uacute;p bạn tho&aacute;t ngh&egrave;o để đạt được th&agrave;nh c&ocirc;ng v&agrave; gi&agrave;u c&oacute; thực sự ở đ&acirc;y kh&ocirc;ng phải l&agrave; c&ocirc;ng thức cho tất cả mọi người.</p>\r\n','f88569c3-2caf-4918-ad78-18640c0ae374.jpg','1bf921b5-38f2-4a40-b03b-e2216c60f6c7.jpg',1,'2024-12-06 00:00:00.000000','2024-12-10 19:22:27.611144'),(63,'S_66','Tư Duy Ngược',5,'Kinh Tế','Hà Minh','NXB Trẻ','2024-03',300,'14.5 x 20.5 x 2.7',20,30,0,50000,NULL,'<h1>Trong cuộc chiến thu h&uacute;t kh&aacute;ch h&agrave;ng, c&aacute;c doanh nghiệp đầu tư h&agrave;ng triệu đ&ocirc; la để cải thiện trải nghiệm của kh&aacute;ch h&agrave;ng. Họ giao h&agrave;ng nhanh hơn, tung ra c&aacute;c sản phẩm mới v&agrave; kh&ocirc;ng ngừng cải tiến giao diện người d&ugrave;ng, v&agrave; họ thường g&acirc;y &aacute;p lực lớn hơn cho nh&acirc;n vi&ecirc;n v&igrave; lợi nhuận giảm dần. Theo t&aacute;c giả Tiffani Bova, việc tập trung duy nhất v&agrave;o trải nghiệm của kh&aacute;ch h&agrave;ng &ndash; m&agrave; kh&ocirc;ng xem x&eacute;t t&aacute;c động đến nh&acirc;n vi&ecirc;n của bạn &ndash; thực sự cản trở sự ph&aacute;t triển về l&acirc;u d&agrave;i. C&aacute;c c&ocirc;ng ty th&agrave;nh c&ocirc;ng nhất &aacute;p dụng Tư duy trải nghiệm để củng cố cả trải nghiệm của nh&acirc;n vi&ecirc;n (EX) v&agrave; trải nghiệm của kh&aacute;ch h&agrave;ng (CX) c&ugrave;ng một l&uacute;c.</h1>\r\n','ffcdae72-78a3-42fd-a84b-6d7890d58ed5.jpg','9234c0e9-7dee-4df3-9315-814852a08acc.jpg',1,'2024-12-06 00:00:00.000000','2024-12-06 22:32:29.695036'),(64,'S_67','Tranh Truyện Lịch Sử Việt Nam - Trần Nhật Duật',8,'Thiếu Nhi','Lê Phương Liên','NXB Trẻ','2024-07',50,'14.5 x 20.5 x 2.7',20,30,0,30000,NULL,'<p>Trần Nhật Duật (1255 - 1330) &ndash; một vị ho&agrave;ng tử nh&agrave; Trần. Trải qua 50 năm, ph&ograve; t&aacute; năm đời vua (Trần Th&aacute;nh T&ocirc;ng, Trần Nh&acirc;n T&ocirc;ng, Trần Anh T&ocirc;ng, Trần Minh T&ocirc;ng, Trần Hiến T&ocirc;ng), Chi&ecirc;u Văn Vương Trần Nhật Duật l&agrave; một vị tướng t&agrave;i, một nh&agrave; văn h&oacute;a, một nh&agrave; ngoại giao lớn của d&acirc;n tộc. T&ecirc;n tuổi v&agrave; sự nghiệp của &ocirc;ng gắn liền với thời vinh quang nhất của triều đại nh&agrave; Trần</p>\r\n','15427773-3e21-432b-837d-fcbd9eafc29a.jpg','48c0cc90-ccf1-4331-a786-425598abf667.jpg',1,'2024-12-06 22:34:18.077560','2024-12-06 22:34:18.077560'),(65,'S_68','Tranh Truyện Lịch Sử Việt Nam - Ngọc Hân Công Chúa',8,'Thiếu Nhi','Lê Phương Liên','NXB Trẻ','2024-07',50,'14.5 x 20.5 x 2.7',20,30,0,35000,NULL,'<p>Ngọc H&acirc;n c&ocirc;ng ch&uacute;a (1770 &ndash; 1799) l&agrave; con của vua L&ecirc; Hiển T&ocirc;ng. Khi vừa qua tuổi trăng rằm, n&agrave;ng được vua cha gả cho người anh h&ugrave;ng đất T&acirc;y Sơn l&agrave; Nguyễn Huệ (Quang Trung). V&agrave;o năm 1789, vua Quang Trung đại ph&aacute; qu&acirc;n Thanh, n&agrave;ng được phong l&agrave;m Bắc cung ho&agrave;ng hậu. Nhưng sau khi nh&agrave; vua băng h&agrave; (1792), n&agrave;ng sống trong nỗi buồn thương kh&ocirc;n ngu&ocirc;i; rồi bảy năm sau cũng nối g&oacute;t ti&ecirc;n đế m&agrave; qua đời khi tuổi mới 29.</p>\r\n','278ce232-65a7-480f-b0ea-825decfb7e07.jpg','d531b8da-4e9c-49c4-bf69-c55a42f1b045.jpg',1,'2024-12-06 00:00:00.000000','2024-12-06 22:35:13.900204'),(66,'S_69','Tranh Truyện Lịch Sử Việt Nam - Chúa Tiên Nguyễn Hoàng',8,'Thiếu Nhi','Lê Phương Liên','NXB Trẻ','2024-07',50,'14.5 x 20.5 x 2.7',20,30,0,60000,NULL,'<p>Lịch sử nước ta đ&atilde; trải qua nhiều phen biến thi&ecirc;n. Theo d&ograve;ng biến thi&ecirc;n ấy, l&atilde;nh thổ nước ta dần được mở rộng về ph&iacute;a nam. Tiến tr&igrave;nh n&agrave;y c&ograve;n được gọi l&agrave;: &ldquo;Nam tiến&rdquo; v&agrave; k&eacute;o d&agrave;i gần 700 năm, đem lại cho nước ta ba phần năm l&atilde;nh thổ như hiện nay. Trong tiến tr&igrave;nh ấy, Nguyễn Ho&agrave;ng c&oacute; thể được xem l&agrave; người c&oacute; vai tr&ograve; quan trọng trong việc mở rộng bờ c&otilde;i nước ta cũng như tạo tiền đề cho việc x&acirc;y dựng v&ugrave;ng đất ph&iacute;a nam v&agrave; cho cả vương triều Nguyễn sau n&agrave;y. Trong suốt 55 năm cai trị v&agrave; ph&aacute;t triển v&ugrave;ng đất ph&iacute;a nam của m&igrave;nh, Nguyễn Ho&agrave;ng đ&atilde; được đ&aacute;nh gi&aacute; l&agrave; người c&oacute; tầm nh&igrave;n xa tr&ocirc;ng rộng, kh&ocirc;n ngoan, c&oacute; l&ograve;ng nh&acirc;n đức, biết thu phục l&ograve;ng người n&ecirc;n được nh&acirc;n d&acirc;n cảm mến, gọi l&agrave; ch&uacute;a Ti&ecirc;n.&nbsp;</p>\r\n','a8d0ec2a-9b51-4604-ac2e-00329a7bf1d2.jpg','5d01c8fd-706f-4000-8510-3aabe88e13bb.jpg',1,'2024-12-06 22:35:53.797675','2024-12-06 22:35:53.797675'),(67,'S_70','Truyện Tranh Khoa Học Về Các Loài Côn Trùng - Nhà Vô Địch Quyền Anh - Bọ Cạp Vàng',8,'Thiếu Nhi','Lê Phương Liên','NXB Trẻ','2024-07',50,'14.5 x 20.5 x 2.7',20,60,0,70000,NULL,'<p>Bồ c&acirc;u v&agrave; chim &eacute;n d&ugrave; đang ở c&aacute;ch nh&agrave; rất xa vẫn c&oacute; thể thuận lợi quay về. Fabre thấy hiện tượng n&agrave;y rất kỳ lạ, thứ g&igrave; đ&atilde; chỉ đường cho những con vật thần kỳ n&agrave;y vậy? Thế l&agrave; ở khu vườn hoang, &ocirc;ng đ&atilde; ch&uacute; &yacute; tới kiến Polyergus, khả năng nhận biết đường đi của ch&uacute;ng v&ocirc; c&ugrave;ng giỏi, do đ&oacute; kiến Polyergus nghiễm nhi&ecirc;n trở th&agrave;nh đối tượng nghi&ecirc;n cứu của &ocirc;ng.<br />\r\nTrong những đối tượng th&iacute; nghiệm v&ocirc; c&ugrave;ng phong ph&uacute; ở ph&ograve;ng th&iacute; nghiệm của t&ocirc;i, t&ocirc;i xếp kiến Polyergus nổi tiếng ở vị tr&iacute; đầu ti&ecirc;n.</p>\r\n','cc8376dd-724e-4c17-91a3-6d492546cab5.jpg','51de55e6-1dbb-4f7a-9e13-72fce2bf6422.jpg',1,'2024-12-06 22:36:25.542062','2024-12-06 22:36:25.542062'),(68,'S_71','Định Luật Murphy - Mọi Bí Mật Tâm Lý Thao Túng Cuộc Đời Bạn',6,'Tâm Lý','Lê Phương Liên','NXB Trẻ','2024-07',50,'14.5 x 20.5 x 2.7',20,30,0,60000,NULL,'<p><em>Nếu một điều tồi tệ c&oacute; thể xảy ra, n&oacute; sẽ xảy ra!</em></p>\r\n\r\n<p><em>Khi</em>&nbsp;<em>một m&oacute;n đồ quan trọng bị rơi, n&oacute; c&oacute; xu hướng lăn tới dưới ngăn tủ nặng nhất.</em></p>\r\n\r\n<p><em>Khi hai tay bạn cầm đầy đồ đạc, mũi bạn bắt đầu ngứa.&nbsp;</em></p>\r\n\r\n<p><em>Khi bạn sợ gặp một người n&agrave;o đ&oacute; ở b&ecirc;n ngo&agrave;i, bạn lu&ocirc;n v&ocirc; t&igrave;nh gặp phải&nbsp;người đ&oacute;.</em></p>\r\n\r\n<p><em>&hellip;</em></p>\r\n\r\n<p>C&oacute; phải hằng ng&agrave;y bạn hay gặp những chuyện dở kh&oacute;c dở cười tương tự như vậy? Những hiện tượng n&agrave;y đều c&oacute; thể giải th&iacute;ch bằng một kh&aacute;i niệm t&acirc;m l&yacute; học th&uacute; vị:&nbsp;<strong>Định luật Murphy</strong>. N&oacute; nhắc nhở ch&uacute;ng ta rằng việc xấu lu&ocirc;n c&oacute; &ldquo;cơ may&rdquo; cao hơn v&agrave; sai lầm lu&ocirc;n l&agrave; một phần của thế giới n&agrave;y. D&ugrave; cho mỗi ch&uacute;ng ta đều cố gắng hết sức để tr&aacute;nh khỏi sai lầm, nhưng tr&ecirc;n thực tế đ&oacute; l&agrave; điều bất khả thi.</p>\r\n','df722903-0e2d-4e61-994e-55696955bebd.jpg','f71d3917-f3ba-42d3-9a29-2787b81190fc.jpg',1,'2024-12-06 22:37:45.719307','2024-12-06 22:37:45.719307'),(69,'S_72','How Psychology Works - Hiểu Hết Về Tâm Lý Học',6,'Tâm Lý','Lê Phương Liên','NXB Trẻ','2024-07',50,'14.5 x 20.5 x 2.7',20,30,0,56000,NULL,'<p>MỘT TRONG NHỮNG CUỐN S&Aacute;CH MỞ KH&Oacute;A HỮU &Iacute;CH NHẤT VỀ TƯ DUY, K&Yacute; ỨC V&Agrave; CẢM X&Uacute;C CỦA CON NGƯỜI!<br />\r\n&Aacute;m sợ l&agrave; g&igrave;, &aacute;m sợ c&oacute; thực sự đ&aacute;ng sợ kh&ocirc;ng? Rối loạn t&acirc;m l&yacute; l&agrave; g&igrave;, l&agrave;m thế n&agrave;o để tho&aacute;t khỏi t&igrave;nh trạng suy nhược v&agrave; x&aacute;o trộn đ&oacute;? Trầm cảm l&agrave; g&igrave;, v&igrave; sao con người hiện đại thường xuy&ecirc;n gặp v&agrave; chống chọi với t&igrave;nh trạng u uất, mệt mỏi v&agrave; tuyệt vọng n&agrave;y?</p>\r\n\r\n<p>T&igrave;m hiểu về c&aacute;c vấn đề t&acirc;m tr&iacute; của con người lu&ocirc;n đầy sức hấp dẫn v&agrave; l&ocirc;i cuốn, v&igrave; vậy m&agrave; t&acirc;m l&yacute; học ra đời, h&igrave;nh th&agrave;nh v&agrave; ph&aacute;t triển rất nhiều c&aacute;c học thuyết v&agrave; trường ph&aacute;i. Cuốn s&aacute;ch n&agrave;y dẫn dắt bạn đọc qua h&agrave;nh tr&igrave;nh t&igrave;m hiểu c&aacute;c học thuyết v&agrave; trường ph&aacute;i đ&oacute;, về c&aacute;ch c&aacute;c nh&agrave; t&acirc;m l&yacute; diễn giải h&agrave;nh xử v&agrave; t&acirc;m tr&iacute; con người. Tại sao ch&uacute;ng ta c&oacute; những h&agrave;nh vi, suy nghĩ v&agrave; cảm x&uacute;c như vậy, ch&uacute;ng diễn ra v&agrave; kết th&uacute;c như thế n&agrave;o, ch&uacute;ng ảnh hưởng l&acirc;u d&agrave;i, gi&aacute;n đoạn hay ngắn ngủỉ đến đời sống của ch&uacute;ng ta ra sao, l&agrave;m thế n&agrave;o để ch&uacute;ng ta tho&aacute;t khỏi những t&aacute;c động ti&ecirc;u cực của ch&uacute;ng?</p>\r\n','d119d72d-f583-477c-a0dd-cf5f07eeeac8.jpg','809860c3-043b-4044-949f-644565ff023b.jpg',1,'2024-12-06 22:38:18.339657','2024-12-06 22:38:18.339657'),(70,'S_73','Thao Túng Tâm Lý Đám Đông',6,'Tâm Lý','Lê Phương Liên','NXB Trẻ','2024-07',50,'14.5 x 20.5 x 2.7',20,60,0,25000,NULL,'<p><strong>&ldquo;Thao t&uacute;ng t&acirc;m l&yacute; đ&aacute;m đ&ocirc;ng&rdquo;</strong>&nbsp;- Một cuốn s&aacute;ch xuất sắc trong sự nghiệp của Bậc thầy giao tiếp Dale Carnegie, l&agrave; cuốn s&aacute;ch bổ trợ quan trọng cho những ai đ&atilde;, đang v&agrave; sẽ đọc &ldquo;Đắc nh&acirc;n t&acirc;m&rdquo;.</p>\r\n\r\n<p>Cuốn s&aacute;ch chỉ cho ch&uacute;ng ta rằng, nghệ thuật giao tiếp kh&ocirc;ng phải bạn n&oacute;i được bao nhi&ecirc;u mỹ từ, vẽ ra được bao nhi&ecirc;u viễn cảnh, m&agrave; quan trọng l&agrave; nếu bạn muốn lấy được nước mắt của người nghe th&igrave; bạn phải cho họ thấy được sự đau khổ ch&acirc;n thực, nếu bạn muốn thuyết phục ai đ&oacute; tin v&agrave;o luận điểm của bạn th&igrave; bạn phải sử dụng hệ thống dữ kiện thực tế v&agrave; gần gũi với những người nghe ấy.</p>\r\n','487c4423-7c9f-4387-ae08-1442a9f89f07.jpg','8ab2ff42-11fa-421a-80a7-5e1e7f7a90f8.jpg',1,'2024-12-06 22:38:54.502414','2024-12-06 22:38:54.502414'),(71,'S_74','Thuật Thao Túng - Góc Tối Ẩn Sau Mỗi Câu Nói',6,'Tâm Lý','Lê Phương Liên','NXB Trẻ','2024-07',50,'14.5 x 20.5 x 2.7',20,70,0,300000,120000,'<p>Bạn c&oacute; muốn gi&agrave;nh phần thắng cuối c&ugrave;ng trong c&aacute;c cuộc tranh luận?</p>\r\n\r\n<p>Bạn c&oacute; muốn dẹp đi bộ mặt ki&ecirc;u ngạo của c&aacute;c đồng nghiệp xung quanh m&igrave;nh?</p>\r\n\r\n<p>Bạn c&oacute; muốn chứng minh rằng bạn đ&atilde; đ&uacute;ng về mọi thứ?</p>\r\n\r\n<p>Đ&acirc;y l&agrave; quyển s&aacute;ch chứa đựng đ&aacute;p &aacute;n m&agrave; bạn mong muốn.&nbsp;<strong>Thuật thao t&uacute;ng</strong>&nbsp;sẽ gi&uacute;p bạn thuần thục c&aacute;c kỹ năng thuộc bộ m&ocirc;n &ldquo;nghệ thuật&rdquo; l&agrave;m chủ cảm x&uacute;c, l&agrave;m chủ vận mệnh, điều chỉnh t&acirc;m l&yacute; v&agrave; đạt được thứ bạn muốn một c&aacute;ch tinh vi: thao t&uacute;ng t&acirc;m l&yacute; người đối diện, khiến họ h&agrave;nh động theo hướng ta mong đợi. Kh&ocirc;ng những vậy, quyển s&aacute;ch c&ograve;n gi&uacute;p bạn nh&igrave;n nhận lại về định nghĩa thao t&uacute;ng, những tốt-xấu ẩn giấu đằng sau v&agrave; giải đ&aacute;p vấn đề đạo đức con người m&agrave; bạn lu&ocirc;n trăn trở khi thực hiện những h&agrave;nh vi n&agrave;y. Bật m&iacute;, con người khi vừa sinh ra đ&atilde; l&agrave;m một thao t&aacute;c thao t&uacute;ng t&acirc;m l&yacute; người kh&aacute;c rồi đấy!</p>\r\n\r\n<p>5</p>\r\n','1e560729-4d41-4659-a888-ad40d5c8cf93.jpg','f29704fa-6fa9-4d2d-ade3-aee3ce901e79.jpg',1,'2024-12-06 22:39:51.395264','2024-12-06 22:39:51.395264'),(72,'S_75','Lý Thuyết Trò Chơi',6,'Tâm Lý','Lê Phương Liên','NXB Trẻ','2024-07',120,'14.5 x 20.5 x 2.7',300,12,0,340000,200000,'<p>Đời người giống như tr&ograve; chơi, mỗi bước đều phải c&acirc;n nhắc xem đi như thế n&agrave;o, đi về đ&acirc;u, phải kết hợp nhiều yếu tố lại ch&uacute;ng ta mới c&oacute; thể đưa ra được lựa chọn. M&agrave; trong qu&aacute; tr&igrave;nh chọn lựa n&agrave;y c&aacute;c yếu tố khiến ta phải c&acirc;n nhắc v&agrave; những đường đi kh&aacute;c nhau sẽ ảnh hưởng trực tiếp đến kết quả.</p>\r\n\r\n<p>Cuốn s&aacute;ch L&yacute; thuyết tr&ograve; chơi l&agrave; b&aacute;ch khoa to&agrave;n thư về t&acirc;m l&yacute; học, về tẩy n&atilde;o v&agrave; chống lại tẩy n&atilde;o, thao t&uacute;ng v&agrave; chống lại thao t&uacute;ng, thống trị v&agrave; chống lại thống trị. Cuốn s&aacute;ch giới thiệu c&ocirc;ng thức chiến thắng cho những &ldquo;tr&ograve; chơi&rdquo; đấu tr&iacute; giữa người với người trong cuộc sống hằng ng&agrave;y; ph&acirc;n t&aacute;ch c&aacute;c kh&aacute;i niệm l&yacute; thuyết tr&ograve; chơi vốn mơ hồ trở th&agrave;nh ng&ocirc;n ngữ dễ hiểu v&agrave; kết nối liền mạch với nghệ thuật t&acirc;m l&yacute; học; cho ph&eacute;p bạn nắm vững những b&iacute; ẩn của tr&ograve; chơi t&acirc;m l&yacute; trong thời gian ngắn nhất.</p>\r\n','94f9f947-78cc-4c24-bb4e-208b29fcc046.jpg','8c656af4-d69e-4efd-9a9e-7429949785a1.jpg',1,'2024-12-06 22:40:31.849566','2024-12-06 22:40:31.849566'),(73,'S_76','TIền Bạc',4,'Văn Học','Lê Phương Liên','NXB Trẻ','2024-07',120,'14.5 x 20.5 x 2.7',300,30,0,200000,150000,'<p>Tiền bạc c&oacute; ở khắp mọi nơi, n&oacute; ảnh hưởng đến tất cả ch&uacute;ng ta, v&agrave; khiến phần lớn ch&uacute;ng ta bối rối. Mọi người nghĩ về n&oacute; theo những c&aacute;ch hơi kh&aacute;c nhau một ch&uacute;t. N&oacute; mang lại những b&agrave;i học c&oacute; thể được &aacute;p dụng tới rất nhiều lĩnh vực trong cuộc sống, như rủi ro, sự tự tin, v&agrave; hạnh ph&uacute;c. Rất &iacute;t chủ đề cung cấp một lăng k&iacute;nh ph&oacute;ng to đầy quyền lực gi&uacute;p giải th&iacute;ch v&igrave; sao mọi người lại h&agrave;nh xử theo c&aacute;ch họ l&agrave;m hơn l&agrave; về tiền bạc. Đ&oacute; mới l&agrave; một trong những chương tr&igrave;nh ho&agrave;nh tr&aacute;ng nhất tr&ecirc;n thế giới.</p>\r\n\r\n<p>Ch&uacute;ng ta hiếm khi l&acirc;m v&agrave;o ho&agrave;n cảnh nợ ngập đầu ư? Biết tiết kiệm để d&agrave;nh cho l&uacute;c khốn kh&oacute; hơn ư? Chuẩn bị sẵn s&agrave;ng cho việc nghỉ hưu? C&oacute; những c&aacute;i nh&igrave;n thiết thực về mối quan hệ giữa tiền v&agrave; hạnh ph&uacute;c của ch&uacute;ng ta hơn phải kh&ocirc;ng?</p>\r\n','ee98c31f-79da-474c-aa24-be16c3d70704.jpg','df834820-2e4a-434e-9168-5f8cca00a53f.jpg',1,'2024-12-06 22:42:26.037806','2024-12-06 22:42:26.037806'),(74,'S_77','TIền Bạc',4,'Văn Học','Lê Phương Liên','NXB Trẻ','2024-07',120,'14.5 x 20.5 x 2.7',300,60,0,2000000,150000,'<p>&ldquo;Đứa trẻ hiểu chuyện thường kh&ocirc;ng c&oacute; kẹo ăn&rdquo; &ndash; Cuốn s&aacute;ch d&agrave;nh cho những thời thơ ấu đầy vết thương.</p>\r\n\r\n<p>Tr&ecirc;n đời n&agrave;y c&oacute; một điều rất kỳ diệu, đ&oacute; l&agrave; bậc phụ huynh n&agrave;o cũng mong muốn con m&igrave;nh trở n&ecirc;n ho&agrave;n hảo theo một h&igrave;nh mẫu giống hệt nhau.</p>\r\n\r\n<p>Lanh lẹ, kh&ocirc;n kh&eacute;o, dễ thương, lu&ocirc;n nh&igrave;n cha mẹ với gương mặt tươi cười trong s&aacute;ng.</p>\r\n\r\n<p>Khi người lớn y&ecirc;u cầu ch&uacute;ng l&agrave;m g&igrave; đ&oacute;, ch&uacute;ng sẽ vui vẻ l&agrave;m theo. Kh&ocirc;ng ph&agrave;n n&agrave;n, kh&ocirc;ng o&aacute;n tr&aacute;ch, kh&ocirc;ng c&aacute;u gắt, lại c&agrave;ng kh&ocirc;ng phản kh&aacute;ng c&atilde;i cự.</p>\r\n\r\n<p>Những khi cha mẹ mệt mỏi hay ch&aacute;n chường, ch&uacute;ng sẽ r&uacute;c v&agrave;o l&ograve;ng cha mẹ như một ch&uacute; chim nhỏ, gi&uacute;p họ giải tỏa ưu tư phiền muộn.</p>\r\n','e69eee0f-9c06-4f1c-a379-5c2a923bef6d.jpg','b70914b3-2eae-4565-8eb5-07664c6a14f2.jpg',1,'2024-12-06 22:43:03.820518','2024-12-06 22:43:03.820518'),(75,'S_78','Hiểu Về Bản Chất Con Người - Lý Luận Của Bậc Thầy Tâm Thần Học Alfred Adler',4,'Văn Học','Hà Minh','Hội Nhà Văn','2024-07',300,'14.5 x 20.5 x 2.7',200,70,0,20000,NULL,'<p>CON NGƯỜI V&Agrave; BIỂU TƯỢNG l&agrave; t&aacute;c phẩm đầu ti&ecirc;n v&agrave; duy nhất trong đ&oacute; Carl Gustav Jung giải th&iacute;ch cho độc giả phổ th&ocirc;ng đ&oacute;ng g&oacute;p lớn nhất của &ocirc;ng cho hiểu biết về t&acirc;m tr&iacute; con người: l&yacute; thuyết về tầm quan trọng của &yacute; nghĩa biểu tượng &ndash; đặc biệt khi ch&uacute;ng được h&eacute; lộ trong những giấc mơ.</p>\r\n\r\n<p>Nếu kh&ocirc;ng v&igrave; một giấc mơ, cuốn s&aacute;ch n&agrave;y hẳn kh&ocirc;ng bao giờ được viết ra. Giấc mơ đ&oacute; thuyết phục Jung rằng &ocirc;ng c&oacute; thể, v&agrave; thực ra n&ecirc;n, l&yacute; giải tư tưởng của &ocirc;ng cho những người kh&ocirc;ng chuy&ecirc;n về t&acirc;m l&yacute; học. Jung đ&atilde; vạch ra một kế hoạch chu to&agrave;n cho cuốn s&aacute;ch, bao gồm những phần m&agrave; &ocirc;ng mong bốn cộng sự th&acirc;n t&iacute;n nhất của &ocirc;ng viết. &Ocirc;ng đ&atilde; d&agrave;nh những th&aacute;ng cuối c&ugrave;ng của cuộc đời để bi&ecirc;n tập t&aacute;c phẩm v&agrave; kịp ho&agrave;n th&agrave;nh phần then chốt chỉ 10 ng&agrave;y trước khi nhắm mắt. Xuy&ecirc;n suốt cuốn s&aacute;ch, Jung nh&acirc;n mạnh rằng con người chỉ c&oacute; thể đạt tới một sự to&agrave;n vẹn th&ocirc;ng qua hiểu biết v&agrave; chấp nhận v&ocirc; thức - sự hiểu biết c&oacute; được nhờ những giấc mơ v&agrave; những biểu tượng xuất hiện trong đ&oacute;. Mỗi giấc mơ l&agrave; một th&ocirc;ng đạt trực tiếp, ri&ecirc;ng tư v&agrave; đầy &yacute; nghĩa với người mơ - sự th&ocirc;ng đạt d&ugrave;ng những biểu tượng chung cho cả nh&acirc;n loại nhưng lu&ocirc;n sử dụng ch&uacute;ng theo c&aacute;ch ho&agrave;n to&agrave;n c&aacute; nh&acirc;n, v&agrave; chỉ c&oacute; thể được giải m&atilde; bằng một &quot;ch&igrave;a kh&oacute;a&quot; ho&agrave;n to&agrave;n ri&ecirc;ng tư.</p>\r\n','afbb29e3-19c1-4cdd-be48-da7cbbe6e748.jpg','e2edd2d2-5b66-4661-a009-2aea41723b1e.jpg',1,'2024-12-06 22:43:47.150024','2024-12-06 22:43:47.150025'),(76,'S_79','Hành Trình Tarot - Hiểu Về Quá Khứ, Tin Ở Hiện Tại, Nắm Lấy Tương Lai',4,'Văn Học','Hà Minh','Hội Nhà Văn','2024-07',300,'14.5 x 20.5 x 2.7',200,30,0,300000,165000,'<p>TADA Project</p>\r\n\r\n<p><strong>Hiểu về qu&aacute; khứ, tin ở hiện tại, nắm lấy tương lai</strong></p>\r\n\r\n<p>Tarot l&agrave; g&igrave;?</p>\r\n\r\n<p>Thực h&agrave;nh Tarot như thế n&agrave;o?</p>\r\n\r\n<p>Liệu n&oacute; c&oacute; giống như những g&igrave; người ta vẫn hay n&oacute;i rằng, xem Tarot giống như xem b&oacute;i, người xem b&agrave;i l&agrave; những thầy ph&eacute;p c&oacute; căn cơ, c&oacute; khả năng đọc hiểu được tương lai, biết được vận mệnh v&agrave; giải nghĩa được những vấn đề của một người xa lạ ngay trong lần đầu gặp gỡ. V&agrave; rằng bạn, một người b&igrave;nh thường, liệu c&oacute; đủ năng lực để xem được Tarot hay kh&ocirc;ng?</p>\r\n\r\n<p>Tất cả c&aacute;c c&acirc;u hỏi, c&aacute;c vấn đề thắc mắc ấy đều sẽ được giải đ&aacute;p trong cuốn s&aacute;ch &quot;&quot;H&agrave;nh Tr&igrave;nh Tarot - Hiểu về qu&aacute; khứ, tin ở hiện tại, nắm lấy tương lai&quot;&quot;</p>\r\n','c4f32d22-d1ac-4113-aaff-a7e38729bc3e.jpg','c7b340cc-bedb-49ee-af1f-fdae61afcef3.jpg',1,'2024-12-06 00:00:00.000000','2024-12-06 22:44:31.444666'),(77,'S_80','Thiên Tài Bên Trái, Kẻ Điên Bên Phải',10,'Kinh Dị','Hà Minh','Hội Nhà Văn','2024-07',300,'14.5 x 20.5 x 2.7',200,30,0,200000,NULL,'<p><strong>NẾU MỘT NG&Agrave;Y ANH THẤY T&Ocirc;I ĐI&Ecirc;N, THỰC RA CH&Iacute;NH L&Agrave; ANH ĐI&Ecirc;N ĐẤY!</strong></p>\r\n\r\n<p>Hỡi những con người đang oằn m&igrave;nh trong cuộc sống, bạn biết g&igrave; về thế giới của m&igrave;nh? L&agrave; v&ocirc; v&agrave;n thứ l&yacute; thuyết được c&aacute;c bậc vĩ nh&acirc;n kiểm chứng, l&agrave; luật lệ, l&agrave; cả ngh&igrave;n thứ sự thật bọc trong c&aacute;i lốt hiển nhi&ecirc;n, hay những triết l&yacute; cứng nhắc của cuộc đời?</p>\r\n\r\n<p>Lại đ&acirc;y, vượt qua thứ nhận thức tẻ nhạt bị đ&oacute;ng k&iacute;n bằng con mắt trần gian, khai mở to&agrave;n bộ suy nghĩ, để d&ograve;ng m&aacute;u trong bạn sục s&ocirc;i trước những điều kỳ vĩ, ph&aacute; vỡ mọi quy tắc. Thế giới sẽ gọi bạn l&agrave; kẻ đi&ecirc;n, nhưng vậy th&igrave; c&oacute; sao? Ranh giới duy nhất giữa kẻ đi&ecirc;n v&agrave; thi&ecirc;n t&agrave;i chẳng qua l&agrave; một sợi chỉ mỏng manh: Thi&ecirc;n t&agrave;i chứng minh được thế giới của m&igrave;nh, c&ograve;n kẻ đi&ecirc;n chưa kịp l&agrave;m điều đ&oacute;. Chọn trở th&agrave;nh một kẻ đi&ecirc;n để vẫy v&ugrave;ng giữa nh&acirc;n gian loạn thế hay kh&oacute;a hết ch&uacute;ng lại, sống m&atilde;i một cuộc đời b&igrave;nh thường khiến bạn cảm thấy hạnh ph&uacute;c hơn?</p>\r\n','0eb92240-181b-4296-8448-93cb3d14195e.jpg','bc009b4a-08c6-4f83-be20-39e18e191b52.jpg',1,'2024-12-06 22:45:39.023616','2024-12-06 22:45:39.023616'),(78,'S_81','Tử Huyệt Cảm Xúc',10,'Kinh Dị','Hà Minh','Hội Nhà Văn','2024-07',300,'14.5 x 20.5 x 2.7',200,60,0,120000,100000,'<p>Đ&acirc;y l&agrave; một cuốn s&aacute;ch viết về Tử Huyệt Cảm X&uacute;c - những &ldquo;điểm yếu chết người&rdquo; trong t&iacute;nh c&aacute;ch của mỗi ch&uacute;ng ta. Tử Huyệt Cảm X&uacute;c c&oacute; thể gi&uacute;p ch&uacute;ng ta đạt được hạnh ph&uacute;c v&agrave; th&agrave;nh c&ocirc;ng tột đỉnh, nhưng cũng c&oacute; thể khiến ch&uacute;ng rơi v&agrave;o bi kịch như Achilles!</p>\r\n','30686914-638a-4ce9-b949-94c80b542d07.jpg','d59b7d7c-9b14-4c8c-9644-ce6d76a394c0.jpg',1,'2024-12-06 22:46:28.282535','2024-12-06 22:46:28.282535'),(79,'S_82','Hoạt Động Trải Nghiệm, Hướng Nghiệp - Bản 1 (Chân Trời Sáng Tạo) (2023)',7,'Nuôi Dạy Con','Nhiều tác giả','Hội Nhà Văn','2024-07',300,'14.5 x 20.5 x 2.7',200,54,7,120000,10000,'<p>Để chuẩn bị cho năm học mới 2023 - 2024, th&igrave; Nh&agrave; xuất bản Gi&aacute;o dục Việt Nam đ&atilde; ch&iacute;nh thức c&ocirc;ng bố&nbsp;<strong>Bộ SGK Lớp &nbsp;- Ch&acirc;n trời s&aacute;ng tạo</strong>&nbsp;tới c&aacute;c gi&aacute;o vi&ecirc;n, học sinh, bậc phụ huynh v&agrave; c&aacute;c trường học hiện nay. To&agrave;n bộ nội dung trong bộ s&aacute;ch n&agrave;y, sẽ được cập nhật nội dung ho&agrave;n to&agrave;n mới nhất d&agrave;nh cho học sinh cũng như thầy c&ocirc; gi&aacute;o.<em>&nbsp;Bộ s&aacute;ch Ch&acirc;n trời</em>&nbsp;s&aacute;ng tạo h&agrave;m ẩn &yacute; nghĩa về sự rộng mở của một thế giới tri thức, sự v&ocirc; hạn của kiến thức khoa học v&agrave; c&ocirc;ng nghệ, sự bao la của thế giới nghệ thuật v&agrave; hướng đến những gi&aacute; trị tinh thần tốt đẹp của nh&acirc;n loại.</p>\r\n','470ae67f-20ef-4be0-a00e-b236ec8af28b.jpg','1704da3c-e4da-4a13-aed6-cb0a57682b70.jpg',1,'2024-12-06 22:47:35.643793','2024-12-12 21:08:48.647117'),(80,'S_83','Tìm Mẹ',7,'Nuôi Dạy Con','Nhiều tác giả','Hội Nhà Văn','2024-07',300,'14.5 x 20.5 x 2.7',200,50,0,240000,10000,'<p>Nh&agrave; văn Nguyễn Huy Tưởng (1912 &ndash; 1960) thường t&igrave;m kiếm chất liệu s&aacute;ng t&aacute;c văn học từ những sự t&iacute;ch d&acirc;n gian, những c&acirc;u chuyện lịch sử của Việt Nam, rồi l&agrave;m mới ch&uacute;ng bằng c&aacute;ch viết vừa bay bổng, nhẹ nh&agrave;ng những kh&ocirc;ng k&eacute;m phần nghi&ecirc;m trang, s&acirc;u sắc.</p>\r\n\r\n<p>&nbsp;</p>\r\n\r\n<p>Cuốn s&aacute;ch &ldquo;<strong><em>T&igrave;m mẹ v&agrave; những truyện d&acirc;n gian kh&aacute;c</em></strong>&rdquo; được Nh&agrave; xuất bản Kim Đồng chọn lọc từ những c&acirc;u chuyện như vậy để giới thiệu tới c&aacute;c độc giả nh&iacute; những n&eacute;t đẹp con người như: l&ograve;ng hiếu thảo, sự nh&acirc;n &aacute;i, l&ograve;ng y&ecirc;u nước, sự dũng cảm&hellip; Bốn c&acirc;u chuyện được in trong &ldquo;T&igrave;m mẹ v&agrave; những truyện d&acirc;n gian kh&aacute;c&rdquo; sẽ gi&uacute;p c&aacute;c em kh&aacute;m ph&aacute; th&ecirc;m vẻ đẹp của b&uacute;t ph&aacute;p văn chương Nguyễn Huy Tưởng &ndash; một t&aacute;c giả quan trọng trong nền văn học thiếu nhi Việt Nam.</p>\r\n\r\n<p>&nbsp;</p>\r\n\r\n<p>S&aacute;ch được in khổ to, b&igrave;a cứng d&agrave;y dặn với phần minh họa độc đ&aacute;o v&agrave; tỉ mỉ của họa sĩ Phạm Rồng.&nbsp;</p>\r\n','49f79e2d-c880-4ec6-b367-5973fa343ce6.jpg','bcf38a92-7459-4199-a4ec-21c6f8544a7d.jpg',1,'2024-12-06 00:00:00.000000','2024-12-10 19:24:13.622079'),(81,'S_84','Hướng Nghiệp',7,'Nuôi Dạy Con','Nhiều tác giả','Hội Nhà Văn','2024-07',300,'14.5 x 20.5 x 2.7',200,60,0,120000,80000,'<p>Để chuẩn bị cho năm học mới 2023 - 2024, th&igrave; Nh&agrave; xuất bản Gi&aacute;o dục Việt Nam đ&atilde; ch&iacute;nh thức c&ocirc;ng bố&nbsp;<strong>Bộ SGK Lớp 8 - Ch&acirc;n trời s&aacute;ng tạo</strong>&nbsp;tới c&aacute;c gi&aacute;o vi&ecirc;n, học sinh, bậc phụ huynh v&agrave; c&aacute;c trường học hiện nay. To&agrave;n bộ nội dung trong bộ s&aacute;ch n&agrave;y, sẽ được cập nhật nội dung ho&agrave;n to&agrave;n mới nhất d&agrave;nh cho học sinh cũng như thầy c&ocirc; gi&aacute;o.<em>&nbsp;Bộ s&aacute;ch Ch&acirc;n trời</em>&nbsp;s&aacute;ng tạo h&agrave;m ẩn &yacute; nghĩa về sự rộng mở của một thế giới tri thức, sự v&ocirc; hạn của kiến thức khoa học v&agrave; c&ocirc;ng nghệ, sự bao la của thế giới nghệ thuật v&agrave; hướng đến những gi&aacute; trị tinh thần tốt đẹp của nh&acirc;n loại.</p>\r\n','f57f43e0-8261-4150-b800-b07889787375.jpg','c9a7c1a8-e391-43c3-af6f-b4ef033ade0b.jpg',1,'2024-12-06 22:49:02.370763','2024-12-06 22:49:02.370763');
/*!40000 ALTER TABLE `books` ENABLE KEYS */;
UNLOCK TABLES;

--
-- Table structure for table `carts`
--

DROP TABLE IF EXISTS `carts`;
/*!40101 SET @saved_cs_client     = @@character_set_client */;
/*!50503 SET character_set_client = utf8mb4 */;
CREATE TABLE `carts` (
  `Id` int NOT NULL AUTO_INCREMENT,
  `UserId` int NOT NULL,
  `BookId` int NOT NULL,
  `Quantity` int NOT NULL,
  `CreatedDate` datetime(6) NOT NULL,
  `UpdatedDate` datetime(6) NOT NULL,
  PRIMARY KEY (`Id`)
) ENGINE=InnoDB AUTO_INCREMENT=41 DEFAULT CHARSET=utf8mb4 COLLATE=utf8mb4_0900_ai_ci;
/*!40101 SET character_set_client = @saved_cs_client */;

--
-- Dumping data for table `carts`
--

LOCK TABLES `carts` WRITE;
/*!40000 ALTER TABLE `carts` DISABLE KEYS */;
INSERT INTO `carts` VALUES (36,3,1,1,'2024-12-12 21:25:03.482826','2024-12-12 21:25:03.482826'),(38,1,4,1,'2024-12-12 22:07:39.104624','2024-12-12 22:07:39.104624'),(39,7,37,2,'2024-12-15 10:14:50.374561','2024-12-15 10:14:50.585919'),(40,7,79,1,'2024-12-15 11:11:40.356261','2024-12-15 11:11:40.356262');
/*!40000 ALTER TABLE `carts` ENABLE KEYS */;
UNLOCK TABLES;

--
-- Table structure for table `categories`
--

DROP TABLE IF EXISTS `categories`;
/*!40101 SET @saved_cs_client     = @@character_set_client */;
/*!50503 SET character_set_client = utf8mb4 */;
CREATE TABLE `categories` (
  `Id` int NOT NULL AUTO_INCREMENT,
  `CategoryCode` longtext CHARACTER SET utf8mb4 COLLATE utf8mb4_0900_ai_ci NOT NULL,
  `CategoryName` longtext CHARACTER SET utf8mb4 COLLATE utf8mb4_0900_ai_ci NOT NULL,
  `Description` longtext CHARACTER SET utf8mb4 COLLATE utf8mb4_0900_ai_ci NOT NULL,
  `IsActive` tinyint(1) NOT NULL,
  `CreatedDate` datetime(6) NOT NULL,
  `UpdatedDate` datetime(6) NOT NULL,
  PRIMARY KEY (`Id`)
) ENGINE=InnoDB AUTO_INCREMENT=13 DEFAULT CHARSET=utf8mb4 COLLATE=utf8mb4_0900_ai_ci;
/*!40101 SET character_set_client = @saved_cs_client */;

--
-- Dumping data for table `categories`
--

LOCK TABLES `categories` WRITE;
/*!40000 ALTER TABLE `categories` DISABLE KEYS */;
INSERT INTO `categories` VALUES (1,'DM_01','Hài Hước','Sách Hài Hước',1,'2024-12-06 16:19:13.732921','2024-12-06 16:19:13.732922'),(2,'DM_02','Trinh Thám','Sách Trinh Thám',1,'2024-12-06 16:25:47.065709','2024-12-06 16:25:47.065709'),(3,'DM_03','Ngụ Ngôn','Sách Ngụ Ngôn\n',1,'2024-12-06 16:36:30.703190','2024-12-06 16:36:30.703190'),(4,'DM_04','Văn Học','Sách Văn Học\n',1,'2024-12-06 16:37:11.565777','2024-12-06 16:37:11.565777'),(5,'DM_05','Kinh Tế','Sách Kinh Tế',1,'2024-12-06 16:38:37.310627','2024-12-06 16:38:37.310627'),(6,'DM_06','Tâm Lý','Sách Tâm Lý',1,'2024-12-06 16:38:57.887159','2024-12-06 16:38:57.887159'),(7,'DM_07','Nuôi Dạy Con','Sách Nuôi Dạy Con',1,'2024-12-06 16:40:28.661435','2024-12-06 16:40:28.661435'),(8,'DM_08','Thiếu Nhi','Sách Thiếu Nhi',1,'2024-12-06 16:41:17.613018','2024-12-06 16:41:17.613018'),(9,'DM_09','Giáo Khoa','Sách Giáo Khoa',1,'2024-12-06 16:41:38.410930','2024-12-06 16:41:38.410931'),(10,'DM_10','Kinh Dị','Sách Kinh Dị',1,'2024-12-06 16:42:07.476360','2024-12-06 16:42:07.476360'),(11,'DM_11','Ngoại Ngữ','Sách Ngoại Ngữ',1,'2024-12-06 16:43:07.416629','2024-12-06 16:43:07.416629');
/*!40000 ALTER TABLE `categories` ENABLE KEYS */;
UNLOCK TABLES;

--
-- Table structure for table `deliveries`
--

DROP TABLE IF EXISTS `deliveries`;
/*!40101 SET @saved_cs_client     = @@character_set_client */;
/*!50503 SET character_set_client = utf8mb4 */;
CREATE TABLE `deliveries` (
  `Id` int NOT NULL AUTO_INCREMENT,
  `DeliveryCode` longtext CHARACTER SET utf8mb4 COLLATE utf8mb4_0900_ai_ci NOT NULL,
  `DeliveryName` longtext CHARACTER SET utf8mb4 COLLATE utf8mb4_0900_ai_ci NOT NULL,
  `Cost` int NOT NULL,
  `IsActive` tinyint(1) NOT NULL,
  `CreatedDate` datetime(6) NOT NULL,
  `UpdatedDate` datetime(6) NOT NULL,
  PRIMARY KEY (`Id`)
) ENGINE=InnoDB AUTO_INCREMENT=5 DEFAULT CHARSET=utf8mb4 COLLATE=utf8mb4_0900_ai_ci;
/*!40101 SET character_set_client = @saved_cs_client */;

--
-- Dumping data for table `deliveries`
--

LOCK TABLES `deliveries` WRITE;
/*!40000 ALTER TABLE `deliveries` DISABLE KEYS */;
INSERT INTO `deliveries` VALUES (1,'VC_01','Xe máy',10000,1,'2024-12-06 22:09:35.342829','2024-12-12 21:48:42.778993'),(2,'VC_02','Xe tải',20000,1,'2024-12-06 22:10:45.418786','2024-12-12 21:48:48.757952'),(4,'VC_04','Xe đạp',5000,1,'2024-12-12 21:49:39.172599','2024-12-12 21:49:39.172599');
/*!40000 ALTER TABLE `deliveries` ENABLE KEYS */;
UNLOCK TABLES;

--
-- Table structure for table `news`
--

DROP TABLE IF EXISTS `news`;
/*!40101 SET @saved_cs_client     = @@character_set_client */;
/*!50503 SET character_set_client = utf8mb4 */;
CREATE TABLE `news` (
  `Id` int NOT NULL AUTO_INCREMENT,
  `NewsImage` longtext CHARACTER SET utf8mb4 COLLATE utf8mb4_0900_ai_ci NOT NULL,
  `Title` varchar(255) CHARACTER SET utf8mb4 COLLATE utf8mb4_0900_ai_ci NOT NULL,
  `Summary` varchar(255) CHARACTER SET utf8mb4 COLLATE utf8mb4_0900_ai_ci NOT NULL,
  `Content` longtext CHARACTER SET utf8mb4 COLLATE utf8mb4_0900_ai_ci NOT NULL,
  `CreatedDate` datetime(6) NOT NULL,
  `UpdatedDate` datetime(6) NOT NULL,
  PRIMARY KEY (`Id`)
) ENGINE=InnoDB AUTO_INCREMENT=4 DEFAULT CHARSET=utf8mb4 COLLATE=utf8mb4_0900_ai_ci;
/*!40101 SET character_set_client = @saved_cs_client */;

--
-- Dumping data for table `news`
--

LOCK TABLES `news` WRITE;
/*!40000 ALTER TABLE `news` DISABLE KEYS */;
INSERT INTO `news` VALUES (2,'95901ea7-3b3a-4b8b-aae2-aee6eeb1445d.jpg','Những bài học đầu tư từ Warren Buffett','Năm 1938 Coca-Cola đã bán 207 triệu chai nước giải khát và vào năm 1993 công ty này đã bán được khoảng 20,7 tỷ chai.','<p>Đ&uacute;ng vậy, cuộc cạnh tranh đ&atilde; diễn ra v&agrave;o năm 1938 v&agrave; cả năm 1993. Nhưng đ&aacute;ng ch&uacute; &yacute; l&agrave; v&agrave;o năm 1938, Coca-Cola đ&atilde; b&aacute;n 207 triệu chai nước giải kh&aacute;t (nếu dung t&iacute;ch t&iacute;nh bằng galon của n&oacute; l&uacute;c đ&oacute; được chuyển đổi th&agrave;nh c&aacute;c chai 192 ounce ng&agrave;y nay) v&agrave; v&agrave;o năm 1993 c&ocirc;ng ty n&agrave;y đ&atilde; b&aacute;n được khoảng 10,7 tỷ chai, gấp 50 lần về khối lượng so với năm 1938, d&ugrave; số lượng năm 1938 đ&atilde; đưa n&oacute; l&ecirc;n vị tr&iacute; đầu bảng trong ng&agrave;nh.</p>\r\n\r\n<p>Đối với một nh&agrave; đầu tư v&agrave;o năm 1938 th&igrave; c&oacute; vẻ như bữa tiệc vẫn chưa t&agrave;n: Mặc d&ugrave; 40 đ&ocirc;-la đầu tư v&agrave;o một cổ phần năm 1919 (với cổ tức t&aacute;i đầu tư) đ&atilde; biến th&agrave;nh 3.277 đ&ocirc;-la v&agrave;o cuối năm 1938, thế nhưng 40 đ&ocirc;-la đầu tư v&agrave;o cổ phiếu Coca-Cola v&agrave;o 1938 đ&atilde; tăng l&ecirc;n đến 25.000 đ&ocirc;-la v&agrave;o cuối năm 1993.</p>\r\n','2024-12-12 00:00:00.000000','2024-12-12 21:46:54.396463'),(3,'8e23e0f5-3969-4525-8cb2-32ad086f7c81.jpg','Hai tác phẩm được thai nghén hàng thập kỷ tại Giải Sách Quốc gia','\"Gia Định - Sài Gòn - TP.HCM: Dặm dài lịch sử\" và \"Bộ xương người nói với chúng ta điều gì?\" là những cuốn sách được ấp ủ trên dưới 30 năm, chứa đựng tâm sức của các tác giả.','<p>Trải qua 6 m&ugrave;a giải, Giải thưởng S&aacute;ch Quốc gia đ&atilde; trở th&agrave;nh dịp để ph&aacute;t hiện v&agrave; t&ocirc;n vinh những xuất bản phẩm gi&aacute; trị cao, g&oacute;p phần phổ biến v&agrave; n&acirc;ng cao văn h&oacute;a đọc nước nh&agrave;.</p>\r\n\r\n<p>Nhiều t&aacute;c giả đạt giải l&agrave; những nh&agrave; khoa học, nh&agrave; nghi&ecirc;n cứu, chuy&ecirc;n gia với tr&igrave;nh độ uy&ecirc;n b&aacute;c v&agrave; tinh thần cống hiến miệt m&agrave;i, l&agrave; tấm gương s&aacute;ng cho thế hệ sau noi theo.</p>\r\n\r\n<p>Tại m&ugrave;a giải thứ VII năm nay, nổi bật c&oacute; hai c&ocirc;ng tr&igrave;nh&nbsp;<em>Gia Định - S&agrave;i G&ograve;n - Th&agrave;nh phố Hồ Ch&iacute; Minh: Dặm d&agrave;i lịch sử</em>&nbsp;của nh&agrave; nghi&ecirc;n cứu Nguyễn Đ&igrave;nh Tư v&agrave;&nbsp;<em>Bộ xương người n&oacute;i với ch&uacute;ng ta điều g&igrave;?</em>&nbsp;của PGS.TS Nguyễn L&acirc;n Cường l&agrave; những t&aacute;c phẩm kết tinh h&agrave;ng thập kỷ t&igrave;m t&ograve;i, l&agrave;m việc của c&aacute;c t&aacute;c giả.</p>\r\n','2024-12-12 00:00:00.000000','2024-12-12 21:46:30.215475');
/*!40000 ALTER TABLE `news` ENABLE KEYS */;
UNLOCK TABLES;

--
-- Table structure for table `orderdetails`
--

DROP TABLE IF EXISTS `orderdetails`;
/*!40101 SET @saved_cs_client     = @@character_set_client */;
/*!50503 SET character_set_client = utf8mb4 */;
CREATE TABLE `orderdetails` (
  `Id` int NOT NULL AUTO_INCREMENT,
  `UserId` int NOT NULL,
  `OrderId` int NOT NULL,
  `BookId` int NOT NULL,
  `BookName` longtext CHARACTER SET utf8mb4 COLLATE utf8mb4_0900_ai_ci NOT NULL,
  `Quantity` int NOT NULL,
  `PriceBuy` int NOT NULL,
  `BookImage` longtext CHARACTER SET utf8mb4 COLLATE utf8mb4_0900_ai_ci NOT NULL,
  `CreatedDate` datetime(6) NOT NULL,
  `UpdatedDate` datetime(6) NOT NULL,
  PRIMARY KEY (`Id`)
) ENGINE=InnoDB AUTO_INCREMENT=32 DEFAULT CHARSET=utf8mb4 COLLATE=utf8mb4_0900_ai_ci;
/*!40101 SET character_set_client = @saved_cs_client */;

--
-- Dumping data for table `orderdetails`
--

LOCK TABLES `orderdetails` WRITE;
/*!40000 ALTER TABLE `orderdetails` DISABLE KEYS */;
INSERT INTO `orderdetails` VALUES (1,1,1,3,'Côn Trùng',2,20000,'2f045ee3-98e4-46f7-b059-bcada0a66cc6.jpg','2024-12-06 22:53:18.982297','2024-12-06 22:53:18.982298'),(2,1,2,37,'50 Truyện Cổ Tích Hay Dành Cho Bé Gái',3,135000,'a39551d2-9c17-4b6a-87c3-3d8a11f41af3.jpg','2024-12-06 22:53:41.761836','2024-12-06 22:53:41.761837'),(3,3,3,79,'Hoạt Động Trải Nghiệm, Hướng Nghiệp - Bản 1 (Chân Trời Sáng Tạo) (2023)',5,50000,'470ae67f-20ef-4be0-a00e-b236ec8af28b.jpg','2024-12-08 10:55:34.749042','2024-12-08 10:55:34.749042'),(4,3,4,62,'Biến Mọi Thứ Thành Tiền',10,200000,'f88569c3-2caf-4918-ad78-18640c0ae374.jpg','2024-12-08 14:49:17.802091','2024-12-08 14:49:17.802092'),(5,3,5,2,'Nhật Ký Bí Mật Của Ông Hendrik Groen 83 1/4 Tuổi',1,50000,'98c5a232-75ef-407b-a8f9-30206c71ba71.jpg','2024-12-08 14:59:19.610832','2024-12-08 14:59:19.610832'),(6,3,6,3,'Côn Trùng',1,10000,'2f045ee3-98e4-46f7-b059-bcada0a66cc6.jpg','2024-12-08 15:04:49.046988','2024-12-08 15:04:49.046989'),(7,3,7,3,'Côn Trùng',1,10000,'2f045ee3-98e4-46f7-b059-bcada0a66cc6.jpg','2024-12-08 15:09:20.185372','2024-12-08 15:09:20.185375'),(8,3,8,4,'Tìm Nemo',3,300000,'4663ec87-1a75-4db6-a93a-6a65ca1f69e5.jpg','2024-12-08 15:24:08.776939','2024-12-08 15:24:08.776940'),(9,3,9,3,'Côn Trùng',1,10000,'2f045ee3-98e4-46f7-b059-bcada0a66cc6.jpg','2024-12-08 15:29:47.281791','2024-12-08 15:29:47.281793'),(10,3,10,1,'Người Bà Tài Giỏi Vùng Saga',1,100000,'80f9e4b1-4e82-49a9-8909-f955634596d2.jpg','2024-12-08 16:10:09.915084','2024-12-08 16:10:09.915086'),(11,3,11,2,'Nhật Ký Bí Mật Của Ông Hendrik Groen 83 1/4 Tuổi',1,50000,'98c5a232-75ef-407b-a8f9-30206c71ba71.jpg','2024-12-08 16:14:55.651080','2024-12-08 16:14:55.651083'),(12,3,12,4,'Tìm Nemo',1,100000,'4663ec87-1a75-4db6-a93a-6a65ca1f69e5.jpg','2024-12-08 16:17:53.277898','2024-12-08 16:17:53.277900'),(13,3,13,79,'Hoạt Động Trải Nghiệm, Hướng Nghiệp - Bản 1 (Chân Trời Sáng Tạo) (2023)',1,10000,'470ae67f-20ef-4be0-a00e-b236ec8af28b.jpg','2024-12-08 16:23:00.175594','2024-12-08 16:23:00.175595'),(14,3,14,4,'Tìm Nemo',1,100000,'4663ec87-1a75-4db6-a93a-6a65ca1f69e5.jpg','2024-12-08 16:25:10.900560','2024-12-08 16:25:10.900563'),(15,3,15,4,'Tìm Nemo',1,100000,'4663ec87-1a75-4db6-a93a-6a65ca1f69e5.jpg','2024-12-08 16:26:41.782492','2024-12-08 16:26:41.782495'),(16,3,16,3,'Côn Trùng',1,10000,'2f045ee3-98e4-46f7-b059-bcada0a66cc6.jpg','2024-12-08 16:29:26.687426','2024-12-08 16:29:26.687430'),(17,3,17,4,'Tìm Nemo',1,100000,'4663ec87-1a75-4db6-a93a-6a65ca1f69e5.jpg','2024-12-08 16:31:19.828499','2024-12-08 16:31:19.828502'),(18,3,18,3,'Côn Trùng',1,10000,'2f045ee3-98e4-46f7-b059-bcada0a66cc6.jpg','2024-12-08 16:39:33.360993','2024-12-08 16:39:33.360994'),(19,3,19,3,'Côn Trùng',1,10000,'2f045ee3-98e4-46f7-b059-bcada0a66cc6.jpg','2024-12-08 20:33:01.075859','2024-12-08 20:33:01.075859'),(20,3,20,62,'Biến Mọi Thứ Thành Tiền',1,20000,'f88569c3-2caf-4918-ad78-18640c0ae374.jpg','2024-12-08 20:35:40.769268','2024-12-08 20:35:40.769268'),(21,3,21,3,'Côn Trùng',1,10000,'2f045ee3-98e4-46f7-b059-bcada0a66cc6.jpg','2024-12-09 13:49:08.746868','2024-12-09 13:49:08.746871'),(22,3,22,4,'Tìm Nemo',1,100000,'4663ec87-1a75-4db6-a93a-6a65ca1f69e5.jpg','2024-12-09 13:57:01.059654','2024-12-09 13:57:01.059656'),(23,1,23,3,'Côn Trùng',1,10000,'2f045ee3-98e4-46f7-b059-bcada0a66cc6.jpg','2024-12-10 10:45:10.542706','2024-12-10 10:45:10.542707'),(24,3,24,4,'Tìm Nemo',1,100000,'4663ec87-1a75-4db6-a93a-6a65ca1f69e5.jpg','2024-12-10 10:46:10.750957','2024-12-10 10:46:10.750957'),(25,3,25,62,'Biến Mọi Thứ Thành Tiền',1,20000,'f88569c3-2caf-4918-ad78-18640c0ae374.jpg','2024-12-10 10:47:27.295972','2024-12-10 10:47:27.295973'),(26,3,26,4,'Tìm Nemo',1,100000,'4663ec87-1a75-4db6-a93a-6a65ca1f69e5.jpg','2024-12-12 21:05:18.265890','2024-12-12 21:05:18.265892'),(27,3,27,1,'Người Bà Tài Giỏi Vùng Saga',3,270000,'80f9e4b1-4e82-49a9-8909-f955634596d2.jpg','2024-12-12 21:08:19.706057','2024-12-12 21:08:19.706059'),(28,3,27,2,'Nhật Ký Bí Mật Của Ông Hendrik Groen 83 1/4 Tuổi',1,50000,'98c5a232-75ef-407b-a8f9-30206c71ba71.jpg','2024-12-12 21:08:19.706059','2024-12-12 21:08:19.706059'),(29,3,27,79,'Hoạt Động Trải Nghiệm, Hướng Nghiệp - Bản 1 (Chân Trời Sáng Tạo) (2023)',1,10000,'470ae67f-20ef-4be0-a00e-b236ec8af28b.jpg','2024-12-12 21:08:19.706059','2024-12-12 21:08:19.706059'),(30,3,28,7,'Vui Vẻ Không Quạu Nha ',1,50000,'d9539479-3e50-42b5-a706-41f447a49fb9.jpg','2024-12-12 21:10:20.541742','2024-12-12 21:10:20.541742'),(31,3,29,1,'Người Bà Tài Giỏi Vùng Saga',1,90000,'80f9e4b1-4e82-49a9-8909-f955634596d2.jpg','2024-12-12 21:23:18.088053','2024-12-12 21:23:18.088053');
/*!40000 ALTER TABLE `orderdetails` ENABLE KEYS */;
UNLOCK TABLES;

--
-- Table structure for table `orders`
--

DROP TABLE IF EXISTS `orders`;
/*!40101 SET @saved_cs_client     = @@character_set_client */;
/*!50503 SET character_set_client = utf8mb4 */;
CREATE TABLE `orders` (
  `Id` int NOT NULL AUTO_INCREMENT,
  `UserId` int NOT NULL,
  `ShipCost` int NOT NULL,
  `VoucherId` int DEFAULT NULL,
  `Discount` int NOT NULL,
  `TotalMoney` int NOT NULL,
  `Status` int NOT NULL,
  `CustomerName` longtext CHARACTER SET utf8mb4 COLLATE utf8mb4_0900_ai_ci NOT NULL,
  `PhoneNumber` longtext CHARACTER SET utf8mb4 COLLATE utf8mb4_0900_ai_ci NOT NULL,
  `CustomerAddress` longtext CHARACTER SET utf8mb4 COLLATE utf8mb4_0900_ai_ci NOT NULL,
  `OrderNote` longtext CHARACTER SET utf8mb4 COLLATE utf8mb4_0900_ai_ci,
  `CancelReason` longtext CHARACTER SET utf8mb4 COLLATE utf8mb4_0900_ai_ci,
  `CreatedDate` datetime(6) NOT NULL,
  `UpdatedDate` datetime(6) NOT NULL,
  `DeliveryId` int NOT NULL DEFAULT '0',
  `OrderCode` longtext CHARACTER SET utf8mb4 COLLATE utf8mb4_0900_ai_ci NOT NULL,
  `PaymentName` longtext CHARACTER SET utf8mb4 COLLATE utf8mb4_0900_ai_ci NOT NULL,
  `PaymentType` int NOT NULL DEFAULT '0',
  PRIMARY KEY (`Id`)
) ENGINE=InnoDB AUTO_INCREMENT=30 DEFAULT CHARSET=utf8mb4 COLLATE=utf8mb4_0900_ai_ci;
/*!40101 SET character_set_client = @saved_cs_client */;

--
-- Dumping data for table `orders`
--

LOCK TABLES `orders` WRITE;
/*!40000 ALTER TABLE `orders` DISABLE KEYS */;
INSERT INTO `orders` VALUES (1,1,10000,NULL,0,30000,2,'Sos magic','0900288371','TPHCM','Nhanh ','','2024-12-06 22:53:18.939718','2024-12-06 22:54:06.019970',2,'ZGBDYTQQRU','Thanh toán khi nhận hàng',1),(2,1,0,NULL,0,135000,2,'Sos magic','0900288371','TPHCM',NULL,'','2024-12-06 22:53:41.754644','2024-12-06 22:53:54.973669',1,'GOHYJBVUXD','Thanh toán khi nhận hàng',1),(3,3,0,NULL,0,50000,1,'Vũ Trình','1234567890','dsdcssdccsddcsdcdc',NULL,'','2024-12-08 10:55:34.577695','2024-12-08 10:55:34.577695',1,'NKMSNELSKZ','Thanh toán Online',2),(4,3,0,NULL,0,200000,1,'Vũ Trình','1234567890','dsdcssdccsddcsdcdc',NULL,'','2024-12-08 14:49:17.311606','2024-12-08 14:49:17.311607',1,'PSSHYDFYGQ','Thanh toán khi nhận hàng',1),(5,3,0,NULL,0,50000,1,'Vũ Trình','1234567890','dsdcssdccsddcsdcdc',NULL,'','2024-12-08 14:59:19.541580','2024-12-08 14:59:19.541580',1,'TWBQINVNJZ','Thanh toán khi nhận hàng',1),(6,3,10000,NULL,0,20000,1,'Vũ Trình','1234567890','dsdcssdccsddcsdcdc',NULL,'','2024-12-08 15:04:48.920560','2024-12-08 15:04:48.920560',2,'WTUOHIQLOA','Thanh toán Online',2),(7,3,0,NULL,0,10000,1,'Vũ Trình','1234567890','dsdcssdccsddcsdcdc',NULL,'','2024-12-08 15:09:19.652762','2024-12-08 15:09:19.652764',1,'LJGUIGQNLA','Thanh toán khi nhận hàng',1),(8,3,0,NULL,0,300000,1,'Vũ Trình','1234567890','dsdcssdccsddcsdcdc',NULL,'','2024-12-08 15:24:08.092722','2024-12-08 15:24:08.092724',1,'QWQSNUWKZF','Thanh toán khi nhận hàng',1),(9,3,0,NULL,0,10000,1,'dsdsdsds','0772922897','dsdsdsds',NULL,'','2024-12-08 15:29:47.133496','2024-12-08 15:29:47.133497',1,'NOEKSTZLVY','Thanh toán khi nhận hàng',1),(10,3,0,NULL,0,100000,1,'Vũ Trìnhddd','1234567890','dsdcssdccsddcsdcdc',NULL,'','2024-12-08 16:10:09.364213','2024-12-08 16:10:09.364215',1,'UUBHJUGOJZ','Thanh toán khi nhận hàng',1),(11,3,0,NULL,0,50000,1,'Vũ Trìnhddd','1234567890','dsdcssdccsddcsdcdc',NULL,'','2024-12-08 16:14:55.485956','2024-12-08 16:14:55.485956',1,'NPORCDGZFW','Thanh toán khi nhận hàng',1),(12,3,0,NULL,0,100000,2,'Vũ Trìnhddd','1234567890','dsdcssdccsddcsdcdc',NULL,'','2024-12-08 16:17:53.136691','2024-12-12 22:16:12.662907',1,'YPAUQTHXHF','Thanh toán Online',2),(13,3,0,NULL,0,10000,1,'Vũ Trìnhddd','1234567890','dsdcssdccsddcsdcdc',NULL,'','2024-12-08 16:23:00.035382','2024-12-08 16:23:00.035382',1,'HQVMAZBTWQ','Thanh toán khi nhận hàng',1),(14,3,0,NULL,0,100000,1,'Vũ Trìnhddd','1234567890','dsdcssdccsddcsdcdc',NULL,'','2024-12-08 16:25:10.702755','2024-12-08 16:25:10.702755',1,'AMXAVABRHR','Thanh toán Online',2),(15,3,0,NULL,0,100000,1,'Vũ Trìnhddd','1234567890','dsdcssdccsddcsdcdc',NULL,'','2024-12-08 16:26:41.612544','2024-12-08 16:26:41.612544',1,'VCWKSZKDEB','Thanh toán Online',2),(16,3,0,NULL,0,10000,2,'Vũ Trìnhddd','1234567890','dsdcssdccsddcsdcdc',NULL,'','2024-12-08 16:29:26.488082','2024-12-12 22:16:39.778867',1,'GDAESGZOSE','Thanh toán Online',2),(17,3,0,NULL,0,100000,2,'Vũ Trìnhddd','1234567890','dsdcssdccsddcsdcdc',NULL,'','2024-12-08 16:31:19.629019','2024-12-12 22:16:34.687725',1,'PUGGQVUAUU','Thanh toán khi nhận hàng',1),(18,3,0,NULL,0,10000,2,'Vũ Trìnhddd','1234567890','dsdcssdccsddcsdcdc',NULL,'','2024-12-08 16:39:33.255212','2024-12-08 16:42:55.384940',1,'QNKIILVSEE','Thanh toán Online',2),(19,3,0,NULL,0,10000,2,'Vũ Trìnhddd','1234567890','dsdcssdccsddcsdcdc',NULL,'','2024-12-08 20:33:00.995695','2024-12-12 22:16:29.569870',1,'ALFUQEFRSB','Thanh toán Online',2),(20,3,0,NULL,0,20000,2,'Vũ Trìnhddd','1234567890','dsdcssdccsddcsdcdc',NULL,'','2024-12-08 20:35:40.746103','2024-12-12 22:16:21.740906',1,'SENNLTRVOI','Thanh toán Online',2),(21,3,0,NULL,0,10000,2,'Vũ Trìnhddd','1234567890','dsdcssdccsddcsdcdc',NULL,'','2024-12-09 13:49:08.090053','2024-12-12 22:16:18.028041',1,'YASBWQXLJD','Thanh toán Online',2),(22,3,0,NULL,0,100000,2,'Vũ Trìnhddd','1234567890','dsdcssdccsddcsdcdc',NULL,'','2024-12-09 13:57:00.598912','2024-12-10 15:44:36.705196',1,'MSVRWTROTE','Thanh toán Online',2),(23,1,0,NULL,0,10000,3,'Vũ Trìnhddd','1234567890','dsdcssdccsddcsdcdc',NULL,'','2024-12-10 10:45:10.445785','2024-12-10 15:45:17.489132',1,'XMWBWQGEMT','Thanh toán khi nhận hàng',1),(24,3,0,NULL,0,100000,3,'Vũ Trìnhddd','1234567890','dsdcssdccsddcsdcdc',NULL,'','2024-12-10 10:46:10.727983','2024-12-10 10:47:11.014298',1,'KDMLMMVFNY','Thanh toán khi nhận hàng',1),(25,3,0,NULL,0,20000,2,'Vũ Trìnhddd','1234567890','dsdcssdccsddcsdcdc',NULL,'','2024-12-10 10:47:27.269304','2024-12-10 10:48:10.285825',1,'DGSWTFOHNF','Thanh toán khi nhận hàng',1),(26,3,0,NULL,0,100000,4,'Vũ Trình','1234567890','dsdcssdccsddcsdcdc',NULL,'(người bán): Lý do khác','2024-12-12 21:05:18.197617','2024-12-12 21:12:31.279489',1,'GBSRIAAFVD','Thanh toán khi nhận hàng',1),(27,3,0,NULL,0,330000,4,'Vũ Trình','1234567890','dsdcssdccsddcsdcdc',NULL,'(người mua): Đặt nhầm sản phẩm','2024-12-12 21:08:19.594928','2024-12-12 21:08:48.547753',1,'TVFUJPBRKU','Thanh toán Online',2),(28,3,0,NULL,0,50000,3,'Vũ Trình','1234567890','dsdcssdccsddcsdcdc',NULL,'','2024-12-12 21:10:20.498894','2024-12-12 21:11:50.143787',1,'NCPZLZBBEF','Thanh toán khi nhận hàng',1),(29,3,0,1,10000,80000,3,'Vũ Trình','1234567890','dsdcssdccsddcsdcdc',NULL,'','2024-12-12 21:23:18.030387','2024-12-12 21:24:34.010583',1,'TPYZZJVSUT','Thanh toán khi nhận hàng',1);
/*!40000 ALTER TABLE `orders` ENABLE KEYS */;
UNLOCK TABLES;

--
-- Table structure for table `users`
--

DROP TABLE IF EXISTS `users`;
/*!40101 SET @saved_cs_client     = @@character_set_client */;
/*!50503 SET character_set_client = utf8mb4 */;
CREATE TABLE `users` (
  `Id` int NOT NULL AUTO_INCREMENT,
  `UserName` longtext CHARACTER SET utf8mb4 COLLATE utf8mb4_0900_ai_ci NOT NULL,
  `FirstName` longtext CHARACTER SET utf8mb4 COLLATE utf8mb4_0900_ai_ci NOT NULL,
  `LastName` longtext CHARACTER SET utf8mb4 COLLATE utf8mb4_0900_ai_ci NOT NULL,
  `Email` longtext CHARACTER SET utf8mb4 COLLATE utf8mb4_0900_ai_ci NOT NULL,
  `Password` longtext CHARACTER SET utf8mb4 COLLATE utf8mb4_0900_ai_ci NOT NULL,
  `IsDelete` tinyint(1) NOT NULL,
  `CreatedDate` datetime(6) NOT NULL,
  `UpdatedDate` datetime(6) NOT NULL,
  `BirthDay` datetime(6) DEFAULT NULL,
  `Gender` int DEFAULT NULL,
  `IsActive` tinyint(1) NOT NULL DEFAULT '0',
  `PhoneNumber` longtext CHARACTER SET utf8mb4 COLLATE utf8mb4_0900_ai_ci,
  `RoleType` int NOT NULL DEFAULT '0',
  `Address` longtext CHARACTER SET utf8mb4 COLLATE utf8mb4_0900_ai_ci,
  `Infomation` longtext CHARACTER SET utf8mb4 COLLATE utf8mb4_0900_ai_ci,
  `RoleName` longtext CHARACTER SET utf8mb4 COLLATE utf8mb4_0900_ai_ci,
  PRIMARY KEY (`Id`)
) ENGINE=InnoDB AUTO_INCREMENT=10 DEFAULT CHARSET=utf8mb4 COLLATE=utf8mb4_0900_ai_ci;
/*!40101 SET character_set_client = @saved_cs_client */;

--
-- Dumping data for table `users`
--

LOCK TABLES `users` WRITE;
/*!40000 ALTER TABLE `users` DISABLE KEYS */;
INSERT INTO `users` VALUES (1,'asdasd123@','ADMIN','magic','sosmagic.7@gmail.com','$2b$12$r.msiL6OC0riWx1IKXV9Ze8bd8wLUzIoXDuiKWC3LHCfrNbdT0dZ.',0,'2024-12-06 00:00:00.000000','2024-12-12 22:05:40.083531','2003-06-23 00:00:00.000000',2,1,'1234567890',1,'dd',NULL,'Admin'),(2,'nhanvien','nhân','bachhieu','khoatran@gmail.com','$2b$12$LU8tPv0P0mzXrGZUOr1bY.YsCOYK6iQHepFYYDyzoZRvLgwDuzyzG',0,'2024-12-06 00:00:00.000000','2024-12-15 10:09:19.012453','2008-07-15 00:00:00.000000',1,1,'0907472771',2,'TP.HCM, Q.Bình Tân, Đường số 6',NULL,'Nhân viên'),(3,'abc','abc','abc','abc@gmail.com','$2b$12$7oBVsG4rAOmrpdtsHkVN0ORj0nBwlXuATrBpOA0H7cKaZPxBdJ85q',0,'2024-12-08 10:54:30.131643','2024-12-08 10:54:30.131643',NULL,NULL,1,NULL,0,NULL,NULL,'Người dùng'),(4,'ZZZ','Vũ','huy','vulekhanhtrinh2003@gmail.com','$2b$12$njsZo9aHhN44RgimEoJKROZz.y9xxns6TUCcwUdCuhVSAHC6hFS22',1,'2024-12-12 00:00:00.000000','2024-12-12 21:29:04.863735',NULL,1,1,'1234567890',2,'ASDASDASDASD','ADSASD','Nhân viên'),(5,'ZZZz','Vũ','huy','vulekhanhtrinh2004@gmail.com','$2b$12$2KkH3ggPtndFzmA6oXDlveUsU.VuPP1YGaeZQs6HhJUlUm3ZJuteq',1,'2024-12-12 21:30:33.738639','2024-12-12 21:38:31.807860',NULL,NULL,1,NULL,0,NULL,NULL,'Người dùng'),(6,'asd','Vũ','huy','vulekhanhtrinh2005@gmail.com','$2b$12$BwwYkdhaeAZRCKgsBgT6kuKPJwykxy4uxm0PZZ8SiIVtJibmjGvdi',0,'2024-12-12 00:00:00.000000','2024-12-12 21:36:05.863569',NULL,0,1,NULL,2,NULL,NULL,'Nhân viên'),(7,'bachhieu','bach','hieu','bachhieu@gmail.com','$2b$12$x4bCJxBbOvu.lOXFHShYAuze6J7HCX4TpOtdwo0vI0H5gN.1S4U3.',0,'2024-12-15 10:11:37.036738','2024-12-15 10:11:37.036738',NULL,NULL,1,NULL,0,NULL,NULL,'Người dùng'),(8,'nhanvien1','nhan','vien','nhanvien@gmail.com','$2b$12$0lOtEBSC9l4dQMO0ptYZO.Q0AlTy7JOkslzoxpaGYjay1XTN/jCsq',0,'2024-12-15 00:00:00.000000','2024-12-15 10:14:10.442052',NULL,0,1,NULL,2,NULL,NULL,'Nhân viên'),(9,'megamanx8123@gmail.com','Lê Khánh Trình','Vũ','megamanx8123@gmail.com','$2b$12$8dXh8eN7ZURj3VzSZ7987uSTYa9vdxK4zzMQ974zQuu5L6GgOnSfa',0,'2024-12-15 10:58:06.115815','2024-12-15 10:58:06.115819',NULL,NULL,1,NULL,0,NULL,NULL,'Người dùng');
/*!40000 ALTER TABLE `users` ENABLE KEYS */;
UNLOCK TABLES;

--
-- Table structure for table `vouchers`
--

DROP TABLE IF EXISTS `vouchers`;
/*!40101 SET @saved_cs_client     = @@character_set_client */;
/*!50503 SET character_set_client = utf8mb4 */;
CREATE TABLE `vouchers` (
  `Id` int NOT NULL AUTO_INCREMENT,
  `VoucherCode` longtext CHARACTER SET utf8mb4 COLLATE utf8mb4_0900_ai_ci NOT NULL,
  `VoucherName` longtext CHARACTER SET utf8mb4 COLLATE utf8mb4_0900_ai_ci NOT NULL,
  `Quantity` int NOT NULL,
  `UsedNumber` int NOT NULL,
  `Discount` int NOT NULL,
  `MinAmount` int NOT NULL,
  `IsActive` tinyint(1) NOT NULL,
  `CreatedDate` datetime(6) NOT NULL,
  `UpdatedDate` datetime(6) NOT NULL,
  PRIMARY KEY (`Id`)
) ENGINE=InnoDB AUTO_INCREMENT=4 DEFAULT CHARSET=utf8mb4 COLLATE=utf8mb4_0900_ai_ci;
/*!40101 SET character_set_client = @saved_cs_client */;

--
-- Dumping data for table `vouchers`
--

LOCK TABLES `vouchers` WRITE;
/*!40000 ALTER TABLE `vouchers` DISABLE KEYS */;
INSERT INTO `vouchers` VALUES (2,'KM_01','Black Friday',5,0,50000,100000,1,'2024-12-15 10:08:38.733829','2024-12-15 10:08:38.733831'),(3,'KM_02','Noel',1,0,10000,50000,1,'2024-12-15 10:09:00.602558','2024-12-15 10:09:00.602558');
/*!40000 ALTER TABLE `vouchers` ENABLE KEYS */;
UNLOCK TABLES;
/*!40103 SET TIME_ZONE=@OLD_TIME_ZONE */;

/*!40101 SET SQL_MODE=@OLD_SQL_MODE */;
/*!40014 SET FOREIGN_KEY_CHECKS=@OLD_FOREIGN_KEY_CHECKS */;
/*!40014 SET UNIQUE_CHECKS=@OLD_UNIQUE_CHECKS */;
/*!40101 SET CHARACTER_SET_CLIENT=@OLD_CHARACTER_SET_CLIENT */;
/*!40101 SET CHARACTER_SET_RESULTS=@OLD_CHARACTER_SET_RESULTS */;
/*!40101 SET COLLATION_CONNECTION=@OLD_COLLATION_CONNECTION */;
/*!40111 SET SQL_NOTES=@OLD_SQL_NOTES */;

-- Dump completed on 2024-12-15 16:26:44
